scheme_id,scheme_name,scheme_type,government_level,state,ministry,department,objective,description,beneficiary_type,eligible_crop,eligible_farmer,minimum_land,maximum_land,income_limit,minimum_age,maximum_age,aadhaar_required,bank_account_required,soil_card_required,insurance_required,documents_required,maximum_subsidy,subsidy_percentage,loan_support,interest_subvention,processing_time_days,application_mode,official_portal,priority_score,active_status
SCHM001,Pradhan Mantri Kisan Samman Nidhi (PM-KISAN),Mechanization Subsidy,Central,All India,Ministry of Rural Development,Department of Rural Development,"To provide financial and technical support to eligible farmers under the 'Pradhan Mantri Kisan Samman Nidhi (PM-KISAN)' initiative, strengthening mechanization subsidy across India.","Pradhan Mantri Kisan Samman Nidhi (PM-KISAN) is a central-level scheme implemented to promote mechanization subsidy, improve farm incomes, and enhance agricultural resilience through targeted subsidies, credit linkages, and beneficiary support mechanisms.",Any Registered Farmer,Soybean,Women-headed Farm Households,0,2.5,300000,18,60,No,Yes,Yes,Yes,Soil Health Card; FPO Registration Certificate; Voter ID; Passport Size Photograph,5000,100,Yes,None,45,Online and Offline (CSC),https://agriwelfare.gov.in,7.7,Active
SCHM002,Pradhan Mantri Fasal Bima Yojana (PMFBY),Market Support,Central,All India,Ministry of Finance,Department of Financial Services,"To provide financial and technical support to eligible farmers under the 'Pradhan Mantri Fasal Bima Yojana (PMFBY)' initiative, strengthening market support across India.","Pradhan Mantri Fasal Bima Yojana (PMFBY) is a central-level scheme implemented to promote market support, improve farm incomes, and enhance agricultural resilience through targeted subsidies, credit linkages, and beneficiary support mechanisms.",Tenant Farmer,Pulses,All Categories of Farmers,0.5,2.5,100000,18,60,Yes,Yes,No,Yes,FPO Registration Certificate; Income Certificate; Passport Size Photograph; Ration Card; Aadhaar Card; Tenant Farmer Certificate,100000,33,No,None,7,Online and Offline (CSC),https://agriwelfare.gov.in,6.5,Inactive
SCHM003,Kisan Credit Card (KCC) Scheme,Fisheries Support,Central,All India,"Ministry of Consumer Affairs, Food & Public Distribution",Department of Food & Public Distribution,"To provide financial and technical support to eligible farmers under the 'Kisan Credit Card (KCC) Scheme' initiative, strengthening fisheries support across India.","Kisan Credit Card (KCC) Scheme is a central-level scheme implemented to promote fisheries support, improve farm incomes, and enhance agricultural resilience through targeted subsidies, credit linkages, and beneficiary support mechanisms.",Any Registered Farmer,Cotton,Landowning Farmers,0,5,,18,60,No,Yes,Yes,No,Bank Passbook; Income Certificate; Encumbrance Certificate; Soil Health Card; Ration Card; Land Passbook / Pattadar Passbook,150000,40,Yes,3% p.a.,20,Offline,https://agriwelfare.gov.in,6.3,Inactive
SCHM004,Pradhan Mantri Krishi Sinchayee Yojana (PMKSY),Credit Support,Central,All India,"Ministry of Consumer Affairs, Food & Public Distribution",Department of Food & Public Distribution,"To provide financial and technical support to eligible farmers under the 'Pradhan Mantri Krishi Sinchayee Yojana (PMKSY)' initiative, strengthening credit support across India.","Pradhan Mantri Krishi Sinchayee Yojana (PMKSY) is a central-level scheme implemented to promote credit support, improve farm incomes, and enhance agricultural resilience through targeted subsidies, credit linkages, and beneficiary support mechanisms.",Women Farmer,Paddy,All Categories of Farmers,1,5,,18,70,Yes,Yes,No,No,Bank Passbook; Ration Card; FPO Registration Certificate; Soil Health Card; Voter ID; Passport Size Photograph; Encumbrance Certificate,250000,75,Yes,1.5% p.a.,20,Offline,https://agriwelfare.gov.in,6.1,Active
SCHM005,Soil Health Card Scheme,Price Support,Central,All India,Ministry of New and Renewable Energy,Department of Renewable Energy Programmes,"To provide financial and technical support to eligible farmers under the 'Soil Health Card Scheme' initiative, strengthening price support across India.","Soil Health Card Scheme is a central-level scheme implemented to promote price support, improve farm incomes, and enhance agricultural resilience through targeted subsidies, credit linkages, and beneficiary support mechanisms.",Small & Marginal Farmer,Maize,Small & Marginal Farmers,0,,200000,18,,No,Yes,No,Yes,Crop Sowing Certificate; Mobile Number linked to Aadhaar; Land Passbook / Pattadar Passbook; FPO Registration Certificate,100000,50,Yes,2% p.a.,15,Offline,https://agriwelfare.gov.in,5.8,Active
SCHM006,National Agriculture Market (e-NAM),Irrigation Support,Central,All India,Ministry of Finance,Department of Financial Services,"To provide financial and technical support to eligible farmers under the 'National Agriculture Market (e-NAM)' initiative, strengthening irrigation support across India.","National Agriculture Market (e-NAM) is a central-level scheme implemented to promote irrigation support, improve farm incomes, and enhance agricultural resilience through targeted subsidies, credit linkages, and beneficiary support mechanisms.",Dairy Farmer,Maize,FPO Member Farmers,0,2.5,150000,18,60,Yes,Yes,No,Yes,Income Certificate; Encumbrance Certificate; Ration Card; Soil Health Card,5000,50,Yes,2% p.a.,45,Offline,https://agriwelfare.gov.in,9.1,Inactive
SCHM007,Pradhan Mantri Annadata Aay SanraksHan Abhiyan (PM-AASHA),Capacity Building,Central,All India,"Ministry of Fisheries, Animal Husbandry & Dairying",Department of Fisheries,"To provide financial and technical support to eligible farmers under the 'Pradhan Mantri Annadata Aay SanraksHan Abhiyan (PM-AASHA)' initiative, strengthening capacity building across India.","Pradhan Mantri Annadata Aay SanraksHan Abhiyan (PM-AASHA) is a central-level scheme implemented to promote capacity building, improve farm incomes, and enhance agricultural resilience through targeted subsidies, credit linkages, and beneficiary support mechanisms.",Horticulture Grower,Fruits,Small & Marginal Farmers,0.5,10,250000,21,65,Yes,Yes,Yes,No,Tenant Farmer Certificate; Voter ID; FPO Registration Certificate; Land Passbook / Pattadar Passbook; Soil Health Card; Passport Size Photograph,8000,60,Yes,1.5% p.a.,30,Online,https://agriwelfare.gov.in,7.9,Active
SCHM008,Rashtriya Krishi Vikas Yojana (RKVY),Subsidy,Central,All India,Ministry of Agriculture & Farmers Welfare,Department of Agriculture & Farmers Welfare,"To provide financial and technical support to eligible farmers under the 'Rashtriya Krishi Vikas Yojana (RKVY)' initiative, strengthening subsidy across India.","Rashtriya Krishi Vikas Yojana (RKVY) is a central-level scheme implemented to promote subsidy, improve farm incomes, and enhance agricultural resilience through targeted subsidies, credit linkages, and beneficiary support mechanisms.",Marginal Farmer,Paddy,All Categories of Farmers,0,10,100000,18,,Yes,Yes,Yes,No,Encumbrance Certificate; Tenant Farmer Certificate; Caste Certificate; Soil Health Card; Land Passbook / Pattadar Passbook,8000,75,Yes,None,20,Offline,https://agriwelfare.gov.in,9.3,Active
SCHM009,Sub-Mission on Agricultural Mechanization (SMAM),Mechanization Subsidy,Central,All India,Ministry of Rural Development,Department of Rural Development,"To provide financial and technical support to eligible farmers under the 'Sub-Mission on Agricultural Mechanization (SMAM)' initiative, strengthening mechanization subsidy across India.","Sub-Mission on Agricultural Mechanization (SMAM) is a central-level scheme implemented to promote mechanization subsidy, improve farm incomes, and enhance agricultural resilience through targeted subsidies, credit linkages, and beneficiary support mechanisms.",Sharecropper,Millets (Jowar/Bajra),Tenant & Landowning Farmers,0,2.5,100000,21,65,No,Yes,Yes,Yes,Soil Health Card; Land Passbook / Pattadar Passbook; Tenant Farmer Certificate; Voter ID; Encumbrance Certificate; Aadhaar Card; Crop Sowing Certificate,8000,50,Yes,None,20,Offline,https://agriwelfare.gov.in,6.1,Active
SCHM010,National Food Security Mission (NFSM),Fisheries Support,Central,All India,Ministry of Agriculture & Farmers Welfare,Department of Agriculture & Farmers Welfare,"To provide financial and technical support to eligible farmers under the 'National Food Security Mission (NFSM)' initiative, strengthening fisheries support across India.","National Food Security Mission (NFSM) is a central-level scheme implemented to promote fisheries support, improve farm incomes, and enhance agricultural resilience through targeted subsidies, credit linkages, and beneficiary support mechanisms.",Sharecropper,All Crops,Farmers with Valid Land Records,0.5,7.5,150000,21,,Yes,Yes,Yes,Yes,Aadhaar Card; Passport Size Photograph; Mobile Number linked to Aadhaar; Voter ID; FPO Registration Certificate,250000,60,Yes,2% p.a.,30,Offline,https://agriwelfare.gov.in,7.5,Inactive
SCHM011,Paramparagat Krishi Vikas Yojana (PKVY),Crop Insurance,Central,All India,Ministry of Agriculture & Farmers Welfare,Department of Agriculture & Farmers Welfare,"To provide financial and technical support to eligible farmers under the 'Paramparagat Krishi Vikas Yojana (PKVY)' initiative, strengthening crop insurance across India.","Paramparagat Krishi Vikas Yojana (PKVY) is a central-level scheme implemented to promote crop insurance, improve farm incomes, and enhance agricultural resilience through targeted subsidies, credit linkages, and beneficiary support mechanisms.",Tenant Farmer,Cotton,Tenant & Landowning Farmers,0,7.5,,18,60,Yes,Yes,No,Yes,Ration Card; Soil Health Card; Crop Sowing Certificate; Income Certificate; Encumbrance Certificate; FPO Registration Certificate,50000,40,Yes,None,15,Online,https://agriwelfare.gov.in,5.0,Inactive
SCHM012,Mission for Integrated Development of Horticulture (MIDH),Life & Disability Insurance,Central,All India,Ministry of Rural Development,Department of Rural Development,"To provide financial and technical support to eligible farmers under the 'Mission for Integrated Development of Horticulture (MIDH)' initiative, strengthening life & disability insurance across India.","Mission for Integrated Development of Horticulture (MIDH) is a central-level scheme implemented to promote life & disability insurance, improve farm incomes, and enhance agricultural resilience through targeted subsidies, credit linkages, and beneficiary support mechanisms.",Dairy Farmer,Chilli,FPO Member Farmers,0,5,,18,70,Yes,Yes,Yes,Yes,FPO Registration Certificate; Voter ID; Mobile Number linked to Aadhaar; Ration Card; Passport Size Photograph; Encumbrance Certificate; Aadhaar Card,200000,100,Yes,None,7,Online,https://agriwelfare.gov.in,6.3,Active
SCHM013,Pradhan Mantri Kisan Maandhan Yojana (PM-KMY),Irrigation Support,Central,All India,"Ministry of Fisheries, Animal Husbandry & Dairying",Department of Animal Husbandry & Dairying,"To provide financial and technical support to eligible farmers under the 'Pradhan Mantri Kisan Maandhan Yojana (PM-KMY)' initiative, strengthening irrigation support across India.","Pradhan Mantri Kisan Maandhan Yojana (PM-KMY) is a central-level scheme implemented to promote irrigation support, improve farm incomes, and enhance agricultural resilience through targeted subsidies, credit linkages, and beneficiary support mechanisms.",Farmer Producer Organisation (FPO),Chilli,All Categories of Farmers,0,,300000,18,,Yes,Yes,Yes,Yes,FPO Registration Certificate; Ration Card; Aadhaar Card; Mobile Number linked to Aadhaar; Income Certificate; Bank Passbook; Encumbrance Certificate,10000,90,No,None,30,Online,https://agriwelfare.gov.in,5.6,Active
SCHM014,Interest Subvention Scheme for Short Term Crop Loans,Price Support,Central,All India,Ministry of Agriculture & Farmers Welfare,Department of Agricultural Research and Education (DARE),"To provide financial and technical support to eligible farmers under the 'Interest Subvention Scheme for Short Term Crop Loans' initiative, strengthening price support across India.","Interest Subvention Scheme for Short Term Crop Loans is a central-level scheme implemented to promote price support, improve farm incomes, and enhance agricultural resilience through targeted subsidies, credit linkages, and beneficiary support mechanisms.",Fisherfolk,Red Gram (Tur Dal),Farmers with Valid Land Records,0,2,150000,18,60,Yes,Yes,Yes,Yes,Income Certificate; Encumbrance Certificate; Voter ID; Caste Certificate,150000,40,Yes,3% p.a.,60,Online,https://agriwelfare.gov.in,9.4,Active
SCHM015,Agriculture Infrastructure Fund (AIF),Crop Insurance,Central,All India,"Ministry of Consumer Affairs, Food & Public Distribution",Department of Food & Public Distribution,"To provide financial and technical support to eligible farmers under the 'Agriculture Infrastructure Fund (AIF)' initiative, strengthening crop insurance across India.","Agriculture Infrastructure Fund (AIF) is a central-level scheme implemented to promote crop insurance, improve farm incomes, and enhance agricultural resilience through targeted subsidies, credit linkages, and beneficiary support mechanisms.",Horticulture Grower,Turmeric,FPO Member Farmers,0,,,21,60,No,Yes,Yes,Yes,FPO Registration Certificate; Tenant Farmer Certificate; Income Certificate; Ration Card; Soil Health Card,15000,25,Yes,None,15,Offline,https://agriwelfare.gov.in,9.3,Active
SCHM016,National Livestock Mission,Infrastructure Development,Central,All India,Ministry of Jal Shakti,"Department of Water Resources, River Development and Ganga Rejuvenation","To provide financial and technical support to eligible farmers under the 'National Livestock Mission' initiative, strengthening infrastructure development across India.","National Livestock Mission is a central-level scheme implemented to promote infrastructure development, improve farm incomes, and enhance agricultural resilience through targeted subsidies, credit linkages, and beneficiary support mechanisms.",Small & Marginal Farmer,Maize,FPO Member Farmers,0,10,150000,18,60,No,Yes,Yes,Yes,Passport Size Photograph; Voter ID; Land Passbook / Pattadar Passbook; Caste Certificate; FPO Registration Certificate; Soil Health Card; Ration Card,5000,75,Yes,1.5% p.a.,60,Online and Offline (CSC),https://agriwelfare.gov.in,8.4,Active
SCHM017,Pradhan Mantri Matsya Sampada Yojana (PMMSY),Infrastructure Development,Central,All India,Ministry of Jal Shakti,"Department of Water Resources, River Development and Ganga Rejuvenation","To provide financial and technical support to eligible farmers under the 'Pradhan Mantri Matsya Sampada Yojana (PMMSY)' initiative, strengthening infrastructure development across India.","Pradhan Mantri Matsya Sampada Yojana (PMMSY) is a central-level scheme implemented to promote infrastructure development, improve farm incomes, and enhance agricultural resilience through targeted subsidies, credit linkages, and beneficiary support mechanisms.",Horticulture Grower,Millets (Jowar/Bajra),All Categories of Farmers,0,,150000,18,,Yes,Yes,No,Yes,Soil Health Card; Caste Certificate; Crop Sowing Certificate; Encumbrance Certificate; Bank Passbook,150000,50,No,None,30,Online,https://agriwelfare.gov.in,6.5,Active
SCHM018,Dairy Entrepreneurship Development Scheme (DEDS),Input Subsidy,Central,All India,"Ministry of Consumer Affairs, Food & Public Distribution",Department of Food & Public Distribution,"To provide financial and technical support to eligible farmers under the 'Dairy Entrepreneurship Development Scheme (DEDS)' initiative, strengthening input subsidy across India.","Dairy Entrepreneurship Development Scheme (DEDS) is a central-level scheme implemented to promote input subsidy, improve farm incomes, and enhance agricultural resilience through targeted subsidies, credit linkages, and beneficiary support mechanisms.",Agricultural Labourer,Vegetables,Women-headed Farm Households,1,,100000,18,70,Yes,Yes,Yes,Yes,Soil Health Card; Encumbrance Certificate; FPO Registration Certificate; Bank Passbook; Aadhaar Card; Passport Size Photograph,15000,90,Yes,None,20,Online and Offline (CSC),https://agriwelfare.gov.in,7.9,Active
SCHM019,National Beekeeping & Honey Mission (NBHM),Market Support,Central,All India,Ministry of Jal Shakti,"Department of Water Resources, River Development and Ganga Rejuvenation","To provide financial and technical support to eligible farmers under the 'National Beekeeping & Honey Mission (NBHM)' initiative, strengthening market support across India.","National Beekeeping & Honey Mission (NBHM) is a central-level scheme implemented to promote market support, improve farm incomes, and enhance agricultural resilience through targeted subsidies, credit linkages, and beneficiary support mechanisms.",Tenant Farmer,All Crops,Tenant & Landowning Farmers,1,2.5,100000,21,60,Yes,Yes,Yes,No,Encumbrance Certificate; Tenant Farmer Certificate; Crop Sowing Certificate; Voter ID; Mobile Number linked to Aadhaar,150000,60,No,None,30,Online and Offline (CSC),https://agriwelfare.gov.in,9.5,Active
SCHM020,"Formation and Promotion of 10,000 FPOs Scheme",Livestock Support,Central,All India,Ministry of New and Renewable Energy,Department of Renewable Energy Programmes,"To provide financial and technical support to eligible farmers under the 'Formation and Promotion of 10,000 FPOs Scheme' initiative, strengthening livestock support across India.","Formation and Promotion of 10,000 FPOs Scheme is a central-level scheme implemented to promote livestock support, improve farm incomes, and enhance agricultural resilience through targeted subsidies, credit linkages, and beneficiary support mechanisms.",Any Registered Farmer,Fruits,Sharecroppers with Certificate,0.5,2.5,300000,18,,Yes,Yes,Yes,No,Mobile Number linked to Aadhaar; Ration Card; Soil Health Card; Encumbrance Certificate,25000,60,Yes,3% p.a.,10,Online,https://agriwelfare.gov.in,6.9,Active
SCHM021,Sub-Mission on Seed and Planting Material (SMSP),Irrigation Support,Central,All India,Ministry of Food Processing Industries,Department of Food Processing Industries,"To provide financial and technical support to eligible farmers under the 'Sub-Mission on Seed and Planting Material (SMSP)' initiative, strengthening irrigation support across India.","Sub-Mission on Seed and Planting Material (SMSP) is a central-level scheme implemented to promote irrigation support, improve farm incomes, and enhance agricultural resilience through targeted subsidies, credit linkages, and beneficiary support mechanisms.",Sharecropper,Pulses,All Categories of Farmers,1,7.5,,18,,No,Yes,Yes,No,Aadhaar Card; Income Certificate; Ration Card; Caste Certificate; Crop Sowing Certificate; Voter ID; Soil Health Card,75000,50,Yes,None,20,Online,https://agriwelfare.gov.in,6.9,Active
SCHM022,Micro Irrigation Fund (MIF),Irrigation Support,Central,All India,"Ministry of Fisheries, Animal Husbandry & Dairying",Department of Animal Husbandry & Dairying,"To provide financial and technical support to eligible farmers under the 'Micro Irrigation Fund (MIF)' initiative, strengthening irrigation support across India.","Micro Irrigation Fund (MIF) is a central-level scheme implemented to promote irrigation support, improve farm incomes, and enhance agricultural resilience through targeted subsidies, credit linkages, and beneficiary support mechanisms.",Tenant Farmer,All Crops,Farmers with Valid Land Records,0,2,300000,21,65,No,Yes,Yes,Yes,Caste Certificate; Income Certificate; Soil Health Card; Tenant Farmer Certificate; Encumbrance Certificate; Passport Size Photograph,500000,75,Yes,None,15,Online,https://agriwelfare.gov.in,7.4,Inactive
SCHM023,National Mission on Natural Farming (NMNF),Direct Benefit Transfer,Central,All India,"Ministry of Consumer Affairs, Food & Public Distribution",Department of Food & Public Distribution,"To provide financial and technical support to eligible farmers under the 'National Mission on Natural Farming (NMNF)' initiative, strengthening direct benefit transfer across India.","National Mission on Natural Farming (NMNF) is a central-level scheme implemented to promote direct benefit transfer, improve farm incomes, and enhance agricultural resilience through targeted subsidies, credit linkages, and beneficiary support mechanisms.",Horticulture Grower,Cotton,Landowning Farmers,0,2.5,100000,18,65,Yes,Yes,Yes,No,Passport Size Photograph; Soil Health Card; Tenant Farmer Certificate; Ration Card,500000,60,Yes,1.5% p.a.,30,Online and Offline (CSC),https://agriwelfare.gov.in,8.6,Active
SCHM024,Rural Godown Scheme (Warehouse Infrastructure),Interest Subvention,Central,All India,Ministry of Rural Development,Department of Rural Development,"To provide financial and technical support to eligible farmers under the 'Rural Godown Scheme (Warehouse Infrastructure)' initiative, strengthening interest subvention across India.","Rural Godown Scheme (Warehouse Infrastructure) is a central-level scheme implemented to promote interest subvention, improve farm incomes, and enhance agricultural resilience through targeted subsidies, credit linkages, and beneficiary support mechanisms.",Farmer Producer Organisation (FPO),Oilseeds,Farmers with Valid Land Records,0,2,250000,18,60,Yes,Yes,Yes,Yes,Voter ID; Caste Certificate; Crop Sowing Certificate; Income Certificate; Land Passbook / Pattadar Passbook; FPO Registration Certificate,200000,60,Yes,2% p.a.,60,Offline,https://agriwelfare.gov.in,9.1,Active
SCHM025,Credit Guarantee Fund for Farmer Producer Companies,Input Subsidy,Central,All India,"Ministry of Consumer Affairs, Food & Public Distribution",Department of Food & Public Distribution,"To provide financial and technical support to eligible farmers under the 'Credit Guarantee Fund for Farmer Producer Companies' initiative, strengthening input subsidy across India.","Credit Guarantee Fund for Farmer Producer Companies is a central-level scheme implemented to promote input subsidy, improve farm incomes, and enhance agricultural resilience through targeted subsidies, credit linkages, and beneficiary support mechanisms.",Any Registered Farmer,Red Gram (Tur Dal),Farmers with Valid Land Records,0,,250000,18,,No,Yes,No,Yes,FPO Registration Certificate; Soil Health Card; Land Passbook / Pattadar Passbook; Ration Card; Tenant Farmer Certificate; Encumbrance Certificate,500000,90,No,None,15,Online,https://agriwelfare.gov.in,7.5,Active
SCHM026,PM Kusum Scheme (Solar Pump & Grid Connected Plants),Crop Insurance,Central,All India,Ministry of New and Renewable Energy,Department of Renewable Energy Programmes,"To provide financial and technical support to eligible farmers under the 'PM Kusum Scheme (Solar Pump & Grid Connected Plants)' initiative, strengthening crop insurance across India.","PM Kusum Scheme (Solar Pump & Grid Connected Plants) is a central-level scheme implemented to promote crop insurance, improve farm incomes, and enhance agricultural resilience through targeted subsidies, credit linkages, and beneficiary support mechanisms.",Landholding Farmer,Soybean,All Categories of Farmers,0.5,10,300000,18,60,Yes,Yes,Yes,Yes,Mobile Number linked to Aadhaar; Caste Certificate; Tenant Farmer Certificate; Voter ID; Soil Health Card,250000,90,No,None,20,Online,https://agriwelfare.gov.in,5.5,Active
SCHM027,Gramin Bhandaran Yojana,Input Subsidy,Central,All India,Ministry of Food Processing Industries,Department of Food Processing Industries,"To provide financial and technical support to eligible farmers under the 'Gramin Bhandaran Yojana' initiative, strengthening input subsidy across India.","Gramin Bhandaran Yojana is a central-level scheme implemented to promote input subsidy, improve farm incomes, and enhance agricultural resilience through targeted subsidies, credit linkages, and beneficiary support mechanisms.",Horticulture Grower,Horticulture Crops,Sharecroppers with Certificate,0.5,7.5,300000,18,70,No,Yes,Yes,Yes,Soil Health Card; Land Passbook / Pattadar Passbook; Mobile Number linked to Aadhaar; FPO Registration Certificate; Income Certificate; Encumbrance Certificate,250000,100,Yes,3% p.a.,10,Online and Offline (CSC),https://agriwelfare.gov.in,7.4,Inactive
SCHM028,National Mission on Edible Oils - Oil Palm (NMEO-OP),Capacity Building,Central,All India,Ministry of Finance,Department of Financial Services,"To provide financial and technical support to eligible farmers under the 'National Mission on Edible Oils - Oil Palm (NMEO-OP)' initiative, strengthening capacity building across India.","National Mission on Edible Oils - Oil Palm (NMEO-OP) is a central-level scheme implemented to promote capacity building, improve farm incomes, and enhance agricultural resilience through targeted subsidies, credit linkages, and beneficiary support mechanisms.",Women Farmer,Sugarcane,Women-headed Farm Households,0.5,2.5,150000,18,65,Yes,Yes,Yes,Yes,Mobile Number linked to Aadhaar; Bank Passbook; Crop Sowing Certificate; Tenant Farmer Certificate; Land Passbook / Pattadar Passbook; Aadhaar Card,150000,50,No,None,20,Offline,https://agriwelfare.gov.in,6.7,Active
SCHM029,Livestock Health and Disease Control Programme,Interest Subvention,Central,All India,Ministry of New and Renewable Energy,Department of Renewable Energy Programmes,"To provide financial and technical support to eligible farmers under the 'Livestock Health and Disease Control Programme' initiative, strengthening interest subvention across India.","Livestock Health and Disease Control Programme is a central-level scheme implemented to promote interest subvention, improve farm incomes, and enhance agricultural resilience through targeted subsidies, credit linkages, and beneficiary support mechanisms.",Marginal Farmer,Oilseeds,Sharecroppers with Certificate,0,10,300000,18,65,Yes,Yes,Yes,Yes,Land Passbook / Pattadar Passbook; Voter ID; Caste Certificate; Passport Size Photograph; Crop Sowing Certificate,500000,50,Yes,1.5% p.a.,20,Offline,https://agriwelfare.gov.in,9.5,Active
SCHM030,Rashtriya Gokul Mission,Livestock Support,Central,All India,Ministry of Jal Shakti,"Department of Water Resources, River Development and Ganga Rejuvenation","To provide financial and technical support to eligible farmers under the 'Rashtriya Gokul Mission' initiative, strengthening livestock support across India.","Rashtriya Gokul Mission is a central-level scheme implemented to promote livestock support, improve farm incomes, and enhance agricultural resilience through targeted subsidies, credit linkages, and beneficiary support mechanisms.",Fisherfolk,Paddy,Tenant & Landowning Farmers,0,,100000,18,60,Yes,Yes,Yes,Yes,Bank Passbook; Aadhaar Card; Caste Certificate; Tenant Farmer Certificate,250000,90,Yes,2% p.a.,10,Offline,https://agriwelfare.gov.in,8.5,Active
SCHM031,Rythu Bandhu Investment Support Scheme,Subsidy,Telangana,Telangana,Telangana Department of Irrigation,"Command Area Development Authority, Telangana","To provide financial and technical support to eligible farmers under the 'Rythu Bandhu Investment Support Scheme' initiative, strengthening subsidy across Telangana State.","Rythu Bandhu Investment Support Scheme is a telangana-level scheme implemented to promote subsidy, improve farm incomes, and enhance agricultural resilience through targeted subsidies, credit linkages, and beneficiary support mechanisms.",Farmer Producer Organisation (FPO),Chilli,Farmers with Valid Land Records,0,10,100000,18,70,Yes,Yes,Yes,Yes,Encumbrance Certificate; Ration Card; Passport Size Photograph; Mobile Number linked to Aadhaar; FPO Registration Certificate,75000,33,No,None,45,Offline,https://agri.telangana.gov.in,8.5,Active
SCHM032,Rythu Bima Life Insurance Scheme,Price Support,Telangana,Telangana,Telangana Department of Cooperation,"Directorate of Marketing & Cooperation, Telangana","To provide financial and technical support to eligible farmers under the 'Rythu Bima Life Insurance Scheme' initiative, strengthening price support across Telangana State.","Rythu Bima Life Insurance Scheme is a telangana-level scheme implemented to promote price support, improve farm incomes, and enhance agricultural resilience through targeted subsidies, credit linkages, and beneficiary support mechanisms.",Agricultural Labourer,Cotton,Landowning Farmers,1,,150000,18,60,Yes,Yes,Yes,Yes,Passport Size Photograph; Aadhaar Card; Bank Passbook; Tenant Farmer Certificate; Voter ID; Crop Sowing Certificate,20000,40,No,None,45,Offline,https://agri.telangana.gov.in,9.8,Active
SCHM033,Telangana Free Crop Insurance Scheme,Infrastructure Development,Telangana,Telangana,Telangana Department of Rural Development,"Society for Elimination of Rural Poverty (SERP), Telangana","To provide financial and technical support to eligible farmers under the 'Telangana Free Crop Insurance Scheme' initiative, strengthening infrastructure development across Telangana State.","Telangana Free Crop Insurance Scheme is a telangana-level scheme implemented to promote infrastructure development, improve farm incomes, and enhance agricultural resilience through targeted subsidies, credit linkages, and beneficiary support mechanisms.",Landholding Farmer,Maize,Small & Marginal Farmers,0.5,7.5,300000,21,70,No,Yes,Yes,No,Income Certificate; Ration Card; FPO Registration Certificate; Land Passbook / Pattadar Passbook,500000,75,Yes,None,60,Online and Offline (CSC),https://agri.telangana.gov.in,7.3,Active
SCHM034,Telangana Farm Mechanization Scheme,Credit Support,Telangana,Telangana,Telangana Department of Cooperation,"Directorate of Marketing & Cooperation, Telangana","To provide financial and technical support to eligible farmers under the 'Telangana Farm Mechanization Scheme' initiative, strengthening credit support across Telangana State.","Telangana Farm Mechanization Scheme is a telangana-level scheme implemented to promote credit support, improve farm incomes, and enhance agricultural resilience through targeted subsidies, credit linkages, and beneficiary support mechanisms.",Fisherfolk,Fruits,Sharecroppers with Certificate,0,2.5,150000,18,70,No,Yes,No,Yes,Crop Sowing Certificate; Passport Size Photograph; Soil Health Card; Bank Passbook,20000,100,Yes,2% p.a.,30,Offline,https://agri.telangana.gov.in,5.5,Active
SCHM035,Telangana Micro Irrigation Project Subsidy,Market Support,Telangana,Telangana,Telangana Department of Agriculture,"Directorate of Agriculture, Telangana","To provide financial and technical support to eligible farmers under the 'Telangana Micro Irrigation Project Subsidy' initiative, strengthening market support across Telangana State.","Telangana Micro Irrigation Project Subsidy is a telangana-level scheme implemented to promote market support, improve farm incomes, and enhance agricultural resilience through targeted subsidies, credit linkages, and beneficiary support mechanisms.",Agricultural Labourer,Sugarcane,FPO Member Farmers,1,7.5,200000,18,,Yes,Yes,No,Yes,FPO Registration Certificate; Land Passbook / Pattadar Passbook; Ration Card; Caste Certificate; Income Certificate,500000,100,Yes,2% p.a.,15,Online and Offline (CSC),https://agri.telangana.gov.in,6.5,Inactive
SCHM036,24-Hour Free Power Supply for Agriculture,Life & Disability Insurance,Telangana,Telangana,Telangana Department of Irrigation,"Command Area Development Authority, Telangana","To provide financial and technical support to eligible farmers under the '24-Hour Free Power Supply for Agriculture' initiative, strengthening life & disability insurance across Telangana State.","24-Hour Free Power Supply for Agriculture is a telangana-level scheme implemented to promote life & disability insurance, improve farm incomes, and enhance agricultural resilience through targeted subsidies, credit linkages, and beneficiary support mechanisms.",Tenant Farmer,Vegetables,Sharecroppers with Certificate,0.5,5,250000,21,,Yes,Yes,Yes,Yes,Passport Size Photograph; Caste Certificate; Soil Health Card; Encumbrance Certificate; Aadhaar Card,25000,90,No,None,20,Online and Offline (CSC),https://agri.telangana.gov.in,9.0,Active
SCHM037,Telangana Seed Village Programme,Market Support,Telangana,Telangana,Telangana Department of Agriculture,"Directorate of Agriculture, Telangana","To provide financial and technical support to eligible farmers under the 'Telangana Seed Village Programme' initiative, strengthening market support across Telangana State.","Telangana Seed Village Programme is a telangana-level scheme implemented to promote market support, improve farm incomes, and enhance agricultural resilience through targeted subsidies, credit linkages, and beneficiary support mechanisms.",Dairy Farmer,Millets (Jowar/Bajra),Tenant & Landowning Farmers,1,2,250000,21,60,Yes,Yes,No,Yes,Tenant Farmer Certificate; Encumbrance Certificate; Ration Card; Income Certificate,150000,75,Yes,4% p.a.,60,Online and Offline (CSC),https://agri.telangana.gov.in,9.3,Active
SCHM038,Mission Kakatiya (Tank Restoration for Irrigation),Infrastructure Development,Telangana,Telangana,Telangana Department of Irrigation,"Command Area Development Authority, Telangana","To provide financial and technical support to eligible farmers under the 'Mission Kakatiya (Tank Restoration for Irrigation)' initiative, strengthening infrastructure development across Telangana State.","Mission Kakatiya (Tank Restoration for Irrigation) is a telangana-level scheme implemented to promote infrastructure development, improve farm incomes, and enhance agricultural resilience through targeted subsidies, credit linkages, and beneficiary support mechanisms.",Dairy Farmer,Paddy,Tenant & Landowning Farmers,0,,300000,18,65,Yes,Yes,No,Yes,Tenant Farmer Certificate; Bank Passbook; Mobile Number linked to Aadhaar; Ration Card,5000,25,Yes,2% p.a.,15,Offline,https://agri.telangana.gov.in,6.9,Active
SCHM039,Telangana Horticulture Mission,Credit Support,Telangana,Telangana,Telangana Department of Cooperation,"Directorate of Marketing & Cooperation, Telangana","To provide financial and technical support to eligible farmers under the 'Telangana Horticulture Mission' initiative, strengthening credit support across Telangana State.","Telangana Horticulture Mission is a telangana-level scheme implemented to promote credit support, improve farm incomes, and enhance agricultural resilience through targeted subsidies, credit linkages, and beneficiary support mechanisms.",Fisherfolk,Groundnut,Small & Marginal Farmers,0,2,250000,21,65,No,Yes,Yes,Yes,Crop Sowing Certificate; Ration Card; Tenant Farmer Certificate; Encumbrance Certificate; Aadhaar Card; Mobile Number linked to Aadhaar; FPO Registration Certificate,200000,100,Yes,3% p.a.,7,Offline,https://agri.telangana.gov.in,9.7,Inactive
SCHM040,Telangana Integrated Cooperative Development Scheme,Interest Subvention,Telangana,Telangana,Telangana Department of Irrigation,"Command Area Development Authority, Telangana","To provide financial and technical support to eligible farmers under the 'Telangana Integrated Cooperative Development Scheme' initiative, strengthening interest subvention across Telangana State.","Telangana Integrated Cooperative Development Scheme is a telangana-level scheme implemented to promote interest subvention, improve farm incomes, and enhance agricultural resilience through targeted subsidies, credit linkages, and beneficiary support mechanisms.",Any Registered Farmer,Soybean,Sharecroppers with Certificate,0.5,2.5,200000,21,60,Yes,Yes,No,Yes,Mobile Number linked to Aadhaar; Ration Card; Aadhaar Card; Crop Sowing Certificate; Caste Certificate; Encumbrance Certificate,5000,25,Yes,1.5% p.a.,45,Offline,https://agri.telangana.gov.in,9.2,Active
SCHM041,Telangana Sheep Distribution Scheme,Capacity Building,Telangana,Telangana,Telangana Finance Department,Telangana State Cooperative Apex Bank (TSCAB),"To provide financial and technical support to eligible farmers under the 'Telangana Sheep Distribution Scheme' initiative, strengthening capacity building across Telangana State.","Telangana Sheep Distribution Scheme is a telangana-level scheme implemented to promote capacity building, improve farm incomes, and enhance agricultural resilience through targeted subsidies, credit linkages, and beneficiary support mechanisms.",Fisherfolk,Horticulture Crops,Women-headed Farm Households,0,10,150000,18,60,Yes,Yes,Yes,No,Passport Size Photograph; Income Certificate; Mobile Number linked to Aadhaar; Bank Passbook,8000,50,Yes,None,20,Online,https://agri.telangana.gov.in,6.0,Inactive
SCHM042,Telangana Fisheries Development Scheme (Free Fish Seed),Fisheries Support,Telangana,Telangana,Telangana Department of Horticulture,"Directorate of Horticulture, Telangana","To provide financial and technical support to eligible farmers under the 'Telangana Fisheries Development Scheme (Free Fish Seed)' initiative, strengthening fisheries support across Telangana State.","Telangana Fisheries Development Scheme (Free Fish Seed) is a telangana-level scheme implemented to promote fisheries support, improve farm incomes, and enhance agricultural resilience through targeted subsidies, credit linkages, and beneficiary support mechanisms.",Tenant Farmer,Soybean,Sharecroppers with Certificate,0.5,,150000,18,,Yes,Yes,Yes,Yes,FPO Registration Certificate; Encumbrance Certificate; Voter ID; Income Certificate; Land Passbook / Pattadar Passbook; Caste Certificate; Aadhaar Card,20000,100,Yes,None,15,Online and Offline (CSC),https://agri.telangana.gov.in,8.7,Active
SCHM043,Telangana Dairy Development Cooperative Scheme,Life & Disability Insurance,Telangana,Telangana,Telangana Department of Rural Development,"Society for Elimination of Rural Poverty (SERP), Telangana","To provide financial and technical support to eligible farmers under the 'Telangana Dairy Development Cooperative Scheme' initiative, strengthening life & disability insurance across Telangana State.","Telangana Dairy Development Cooperative Scheme is a telangana-level scheme implemented to promote life & disability insurance, improve farm incomes, and enhance agricultural resilience through targeted subsidies, credit linkages, and beneficiary support mechanisms.",Marginal Farmer,Turmeric,Sharecroppers with Certificate,0,10,250000,18,65,Yes,Yes,No,Yes,Crop Sowing Certificate; Caste Certificate; Land Passbook / Pattadar Passbook; Bank Passbook; Aadhaar Card; Passport Size Photograph,20000,90,Yes,2% p.a.,10,Online and Offline (CSC),https://agri.telangana.gov.in,5.7,Active
SCHM044,Telangana Organic Farming Promotion Scheme,Infrastructure Development,Telangana,Telangana,Telangana Department of Irrigation,"Command Area Development Authority, Telangana","To provide financial and technical support to eligible farmers under the 'Telangana Organic Farming Promotion Scheme' initiative, strengthening infrastructure development across Telangana State.","Telangana Organic Farming Promotion Scheme is a telangana-level scheme implemented to promote infrastructure development, improve farm incomes, and enhance agricultural resilience through targeted subsidies, credit linkages, and beneficiary support mechanisms.",Fisherfolk,Red Gram (Tur Dal),Farmers with Valid Land Records,0,7.5,250000,21,70,Yes,Yes,Yes,Yes,Tenant Farmer Certificate; Soil Health Card; Income Certificate; Land Passbook / Pattadar Passbook; Mobile Number linked to Aadhaar; Voter ID; Passport Size Photograph,5000,75,Yes,3% p.a.,7,Offline,https://agri.telangana.gov.in,5.5,Active
SCHM045,Telangana Godown and Cold Storage Subsidy Scheme,Mechanization Subsidy,Telangana,Telangana,Telangana Department of Irrigation,"Command Area Development Authority, Telangana","To provide financial and technical support to eligible farmers under the 'Telangana Godown and Cold Storage Subsidy Scheme' initiative, strengthening mechanization subsidy across Telangana State.","Telangana Godown and Cold Storage Subsidy Scheme is a telangana-level scheme implemented to promote mechanization subsidy, improve farm incomes, and enhance agricultural resilience through targeted subsidies, credit linkages, and beneficiary support mechanisms.",Small & Marginal Farmer,Millets (Jowar/Bajra),Women-headed Farm Households,0,10,100000,18,65,Yes,Yes,Yes,Yes,Encumbrance Certificate; Passport Size Photograph; Aadhaar Card; Ration Card; Bank Passbook,10000,100,Yes,3% p.a.,7,Online and Offline (CSC),https://agri.telangana.gov.in,9.3,Active
SCHM046,Telangana Farmer Producer Organisation Promotion Scheme,Direct Benefit Transfer,Telangana,Telangana,Telangana Department of Horticulture,"Directorate of Horticulture, Telangana","To provide financial and technical support to eligible farmers under the 'Telangana Farmer Producer Organisation Promotion Scheme' initiative, strengthening direct benefit transfer across Telangana State.","Telangana Farmer Producer Organisation Promotion Scheme is a telangana-level scheme implemented to promote direct benefit transfer, improve farm incomes, and enhance agricultural resilience through targeted subsidies, credit linkages, and beneficiary support mechanisms.",Fisherfolk,Millets (Jowar/Bajra),Landowning Farmers,0,5,,18,,Yes,Yes,Yes,No,Encumbrance Certificate; Income Certificate; Voter ID; Passport Size Photograph; Land Passbook / Pattadar Passbook; Tenant Farmer Certificate; Soil Health Card,150000,25,Yes,None,45,Online,https://agri.telangana.gov.in,5.3,Active
SCHM047,Telangana Minor Irrigation Tank Rehabilitation Scheme,Livestock Support,Telangana,Telangana,Telangana Department of Rural Development,"Society for Elimination of Rural Poverty (SERP), Telangana","To provide financial and technical support to eligible farmers under the 'Telangana Minor Irrigation Tank Rehabilitation Scheme' initiative, strengthening livestock support across Telangana State.","Telangana Minor Irrigation Tank Rehabilitation Scheme is a telangana-level scheme implemented to promote livestock support, improve farm incomes, and enhance agricultural resilience through targeted subsidies, credit linkages, and beneficiary support mechanisms.",Horticulture Grower,Maize,Sharecroppers with Certificate,1,2,,18,65,Yes,Yes,Yes,Yes,Caste Certificate; Passport Size Photograph; Voter ID; Ration Card; Tenant Farmer Certificate; Mobile Number linked to Aadhaar,150000,75,Yes,None,7,Online and Offline (CSC),https://agri.telangana.gov.in,8.3,Inactive
SCHM048,Telangana Agriculture Mechanization Custom Hiring Centres,Irrigation Support,Telangana,Telangana,Telangana Finance Department,Telangana State Cooperative Apex Bank (TSCAB),"To provide financial and technical support to eligible farmers under the 'Telangana Agriculture Mechanization Custom Hiring Centres' initiative, strengthening irrigation support across Telangana State.","Telangana Agriculture Mechanization Custom Hiring Centres is a telangana-level scheme implemented to promote irrigation support, improve farm incomes, and enhance agricultural resilience through targeted subsidies, credit linkages, and beneficiary support mechanisms.",Sharecropper,Vegetables,Women-headed Farm Households,1,5,200000,21,,Yes,Yes,Yes,No,Crop Sowing Certificate; Ration Card; Income Certificate; Bank Passbook; Tenant Farmer Certificate; Land Passbook / Pattadar Passbook,8000,33,Yes,None,7,Online and Offline (CSC),https://agri.telangana.gov.in,8.7,Active
SCHM049,Telangana Turmeric Board Support Scheme,Price Support,Telangana,Telangana,Telangana Department of Agriculture,"Agriculture Market Committee (AMC), Telangana","To provide financial and technical support to eligible farmers under the 'Telangana Turmeric Board Support Scheme' initiative, strengthening price support across Telangana State.","Telangana Turmeric Board Support Scheme is a telangana-level scheme implemented to promote price support, improve farm incomes, and enhance agricultural resilience through targeted subsidies, credit linkages, and beneficiary support mechanisms.",Horticulture Grower,Maize,Farmers with Valid Land Records,0.5,,200000,18,70,Yes,Yes,Yes,Yes,Bank Passbook; Crop Sowing Certificate; Tenant Farmer Certificate; Soil Health Card; Land Passbook / Pattadar Passbook,25000,100,Yes,2% p.a.,60,Offline,https://agri.telangana.gov.in,7.9,Active
SCHM050,Telangana Millet Mission,Livestock Support,Telangana,Telangana,Telangana Department of Cooperation,"Directorate of Marketing & Cooperation, Telangana","To provide financial and technical support to eligible farmers under the 'Telangana Millet Mission' initiative, strengthening livestock support across Telangana State.","Telangana Millet Mission is a telangana-level scheme implemented to promote livestock support, improve farm incomes, and enhance agricultural resilience through targeted subsidies, credit linkages, and beneficiary support mechanisms.",Fisherfolk,Soybean,Landowning Farmers,0,5,300000,18,70,Yes,Yes,Yes,Yes,Passport Size Photograph; Crop Sowing Certificate; Caste Certificate; Land Passbook / Pattadar Passbook; Bank Passbook,250000,25,Yes,None,30,Online,https://agri.telangana.gov.in,6.9,Active
SCHM051,Telangana Oil Palm Area Expansion Scheme,Infrastructure Development,Telangana,Telangana,"Telangana Department of Animal Husbandry, Dairy Development & Fisheries","Directorate of Fisheries, Telangana","To provide financial and technical support to eligible farmers under the 'Telangana Oil Palm Area Expansion Scheme' initiative, strengthening infrastructure development across Telangana State.","Telangana Oil Palm Area Expansion Scheme is a telangana-level scheme implemented to promote infrastructure development, improve farm incomes, and enhance agricultural resilience through targeted subsidies, credit linkages, and beneficiary support mechanisms.",Farmer Producer Organisation (FPO),Millets (Jowar/Bajra),Tenant & Landowning Farmers,0,2.5,100000,18,60,Yes,Yes,No,No,Passport Size Photograph; Tenant Farmer Certificate; Caste Certificate; Ration Card; Soil Health Card; Voter ID; Land Passbook / Pattadar Passbook,25000,75,Yes,4% p.a.,45,Online and Offline (CSC),https://agri.telangana.gov.in,8.0,Inactive
SCHM052,Telangana Poly House / Green House Subsidy Scheme,Mechanization Subsidy,Telangana,Telangana,Telangana Department of Horticulture,"Directorate of Horticulture, Telangana","To provide financial and technical support to eligible farmers under the 'Telangana Poly House / Green House Subsidy Scheme' initiative, strengthening mechanization subsidy across Telangana State.","Telangana Poly House / Green House Subsidy Scheme is a telangana-level scheme implemented to promote mechanization subsidy, improve farm incomes, and enhance agricultural resilience through targeted subsidies, credit linkages, and beneficiary support mechanisms.",Women Farmer,Oilseeds,Landowning Farmers,0,2.5,150000,18,65,Yes,Yes,Yes,Yes,Aadhaar Card; Tenant Farmer Certificate; Mobile Number linked to Aadhaar; Caste Certificate,10000,40,No,None,30,Online and Offline (CSC),https://agri.telangana.gov.in,6.2,Inactive
SCHM053,Telangana Farm Pond Construction Subsidy,Livestock Support,Telangana,Telangana,Telangana Department of Irrigation,"Command Area Development Authority, Telangana","To provide financial and technical support to eligible farmers under the 'Telangana Farm Pond Construction Subsidy' initiative, strengthening livestock support across Telangana State.","Telangana Farm Pond Construction Subsidy is a telangana-level scheme implemented to promote livestock support, improve farm incomes, and enhance agricultural resilience through targeted subsidies, credit linkages, and beneficiary support mechanisms.",Marginal Farmer,Oilseeds,Landowning Farmers,1,2,200000,18,70,No,Yes,No,No,Land Passbook / Pattadar Passbook; Caste Certificate; Aadhaar Card; Income Certificate; Bank Passbook; Tenant Farmer Certificate,250000,60,Yes,None,60,Online,https://agri.telangana.gov.in,6.2,Inactive
SCHM054,Telangana Custom Hiring Centre for Farm Equipment,Input Subsidy,Telangana,Telangana,Telangana Department of Cooperation,"Directorate of Marketing & Cooperation, Telangana","To provide financial and technical support to eligible farmers under the 'Telangana Custom Hiring Centre for Farm Equipment' initiative, strengthening input subsidy across Telangana State.","Telangana Custom Hiring Centre for Farm Equipment is a telangana-level scheme implemented to promote input subsidy, improve farm incomes, and enhance agricultural resilience through targeted subsidies, credit linkages, and beneficiary support mechanisms.",Sharecropper,Sugarcane,All Categories of Farmers,0,5,100000,18,60,Yes,Yes,Yes,Yes,Soil Health Card; Land Passbook / Pattadar Passbook; Bank Passbook; Ration Card; FPO Registration Certificate,10000,40,Yes,3% p.a.,60,Online and Offline (CSC),https://agri.telangana.gov.in,7.5,Inactive
SCHM055,Telangana Cotton Development Programme,Capacity Building,Telangana,Telangana,Telangana Department of Cooperation,"Directorate of Marketing & Cooperation, Telangana","To provide financial and technical support to eligible farmers under the 'Telangana Cotton Development Programme' initiative, strengthening capacity building across Telangana State.","Telangana Cotton Development Programme is a telangana-level scheme implemented to promote capacity building, improve farm incomes, and enhance agricultural resilience through targeted subsidies, credit linkages, and beneficiary support mechanisms.",Horticulture Grower,Millets (Jowar/Bajra),All Categories of Farmers,0,7.5,,21,,Yes,Yes,Yes,Yes,Voter ID; Land Passbook / Pattadar Passbook; Ration Card; Tenant Farmer Certificate; Crop Sowing Certificate; Aadhaar Card,5000,60,Yes,2% p.a.,45,Online,https://agri.telangana.gov.in,8.1,Inactive
SCHM056,Digital Agriculture Mission Scheme,Input Subsidy,Central,All India,Ministry of New and Renewable Energy,Department of Renewable Energy Programmes,"To provide financial and technical support to eligible farmers under the 'Digital Agriculture Mission Scheme' initiative, strengthening input subsidy across India.","Digital Agriculture Mission Scheme is a central-level scheme implemented to promote input subsidy, improve farm incomes, and enhance agricultural resilience through targeted subsidies, credit linkages, and beneficiary support mechanisms.",Agricultural Labourer,Chilli,All Categories of Farmers,1,10,100000,18,,Yes,Yes,Yes,Yes,Aadhaar Card; Soil Health Card; Mobile Number linked to Aadhaar; Tenant Farmer Certificate; Crop Sowing Certificate,100000,100,Yes,4% p.a.,15,Offline,https://agriwelfare.gov.in,6.9,Active
SCHM057,Telangana Farm Pond and Water Conservation Drive,Mechanization Subsidy,Telangana,Telangana,Telangana Department of Cooperation,"Directorate of Marketing & Cooperation, Telangana","To provide financial and technical support to eligible farmers under the 'Telangana Farm Pond and Water Conservation Drive' initiative, strengthening mechanization subsidy across Telangana State.","Telangana Farm Pond and Water Conservation Drive is a telangana-level scheme implemented to promote mechanization subsidy, improve farm incomes, and enhance agricultural resilience through targeted subsidies, credit linkages, and beneficiary support mechanisms.",Horticulture Grower,Millets (Jowar/Bajra),Tenant & Landowning Farmers,0.5,2,250000,21,70,Yes,Yes,Yes,Yes,Passport Size Photograph; Crop Sowing Certificate; Bank Passbook; Income Certificate,20000,75,Yes,1.5% p.a.,45,Online,https://agri.telangana.gov.in,6.5,Active
SCHM058,Farmer Welfare and Skill Development Programme Scheme,Mechanization Subsidy,Central,All India,"Ministry of Consumer Affairs, Food & Public Distribution",Department of Food & Public Distribution,"To provide financial and technical support to eligible farmers under the 'Farmer Welfare and Skill Development Programme Scheme' initiative, strengthening mechanization subsidy across India.","Farmer Welfare and Skill Development Programme Scheme is a central-level scheme implemented to promote mechanization subsidy, improve farm incomes, and enhance agricultural resilience through targeted subsidies, credit linkages, and beneficiary support mechanisms.",Horticulture Grower,Not Crop Specific,Tenant & Landowning Farmers,1,10,150000,18,70,Yes,Yes,Yes,Yes,Encumbrance Certificate; Tenant Farmer Certificate; Soil Health Card; Mobile Number linked to Aadhaar; Bank Passbook; Passport Size Photograph,8000,50,Yes,1.5% p.a.,60,Online and Offline (CSC),https://agriwelfare.gov.in,9.2,Inactive
SCHM059,Telangana Agri Export Zone Support Scheme,Direct Benefit Transfer,Telangana,Telangana,Telangana Department of Irrigation,"Command Area Development Authority, Telangana","To provide financial and technical support to eligible farmers under the 'Telangana Agri Export Zone Support Scheme' initiative, strengthening direct benefit transfer across Telangana State.","Telangana Agri Export Zone Support Scheme is a telangana-level scheme implemented to promote direct benefit transfer, improve farm incomes, and enhance agricultural resilience through targeted subsidies, credit linkages, and beneficiary support mechanisms.",Fisherfolk,Red Gram (Tur Dal),Farmers with Valid Land Records,0,2.5,100000,18,,Yes,Yes,No,Yes,Tenant Farmer Certificate; Passport Size Photograph; Ration Card; FPO Registration Certificate; Soil Health Card,100000,50,Yes,None,60,Online,https://agri.telangana.gov.in,6.8,Inactive
SCHM060,Post-Harvest Loss Reduction Initiative Scheme,Market Support,Central,All India,Ministry of New and Renewable Energy,Department of Renewable Energy Programmes,"To provide financial and technical support to eligible farmers under the 'Post-Harvest Loss Reduction Initiative Scheme' initiative, strengthening market support across India.","Post-Harvest Loss Reduction Initiative Scheme is a central-level scheme implemented to promote market support, improve farm incomes, and enhance agricultural resilience through targeted subsidies, credit linkages, and beneficiary support mechanisms.",Sharecropper,Not Crop Specific,Farmers with Valid Land Records,0,2.5,250000,18,70,Yes,Yes,No,Yes,Mobile Number linked to Aadhaar; Voter ID; Land Passbook / Pattadar Passbook; Ration Card,8000,40,Yes,None,30,Online,https://agriwelfare.gov.in,9.2,Active
SCHM061,Telangana Custom Hiring Centre for Small Farmers,Fisheries Support,Telangana,Telangana,"Telangana Department of Animal Husbandry, Dairy Development & Fisheries","Directorate of Fisheries, Telangana","To provide financial and technical support to eligible farmers under the 'Telangana Custom Hiring Centre for Small Farmers' initiative, strengthening fisheries support across Telangana State.","Telangana Custom Hiring Centre for Small Farmers is a telangana-level scheme implemented to promote fisheries support, improve farm incomes, and enhance agricultural resilience through targeted subsidies, credit linkages, and beneficiary support mechanisms.",Landholding Farmer,All Crops,Farmers with Valid Land Records,0,7.5,250000,18,65,No,Yes,Yes,Yes,Aadhaar Card; Income Certificate; Land Passbook / Pattadar Passbook; Crop Sowing Certificate; Encumbrance Certificate,500000,40,Yes,2% p.a.,15,Offline,https://agri.telangana.gov.in,8.5,Active
SCHM062,Rural Warehousing Modernisation Scheme Scheme,Capacity Building,Central,All India,Ministry of New and Renewable Energy,Department of Renewable Energy Programmes,"To provide financial and technical support to eligible farmers under the 'Rural Warehousing Modernisation Scheme Scheme' initiative, strengthening capacity building across India.","Rural Warehousing Modernisation Scheme Scheme is a central-level scheme implemented to promote capacity building, improve farm incomes, and enhance agricultural resilience through targeted subsidies, credit linkages, and beneficiary support mechanisms.",Fisherfolk,All Crops,Tenant & Landowning Farmers,0,5,100000,18,,Yes,Yes,Yes,Yes,Land Passbook / Pattadar Passbook; Aadhaar Card; Soil Health Card; Caste Certificate; Passport Size Photograph; Tenant Farmer Certificate,8000,33,No,None,30,Online and Offline (CSC),https://agriwelfare.gov.in,5.1,Inactive
SCHM063,Telangana Village Level Seed Bank Programme,Life & Disability Insurance,Telangana,Telangana,"Telangana Department of Animal Husbandry, Dairy Development & Fisheries","Directorate of Animal Husbandry, Telangana","To provide financial and technical support to eligible farmers under the 'Telangana Village Level Seed Bank Programme' initiative, strengthening life & disability insurance across Telangana State.","Telangana Village Level Seed Bank Programme is a telangana-level scheme implemented to promote life & disability insurance, improve farm incomes, and enhance agricultural resilience through targeted subsidies, credit linkages, and beneficiary support mechanisms.",Farmer Producer Organisation (FPO),Pulses,Landowning Farmers,0.5,2.5,250000,21,65,Yes,Yes,Yes,Yes,Voter ID; FPO Registration Certificate; Encumbrance Certificate; Mobile Number linked to Aadhaar,100000,25,No,None,60,Offline,https://agri.telangana.gov.in,5.2,Active
SCHM064,Climate Resilient Agriculture Initiative Scheme,Infrastructure Development,Central,All India,Ministry of Finance,Department of Financial Services,"To provide financial and technical support to eligible farmers under the 'Climate Resilient Agriculture Initiative Scheme' initiative, strengthening infrastructure development across India.","Climate Resilient Agriculture Initiative Scheme is a central-level scheme implemented to promote infrastructure development, improve farm incomes, and enhance agricultural resilience through targeted subsidies, credit linkages, and beneficiary support mechanisms.",Landholding Farmer,Cotton,All Categories of Farmers,0,,300000,18,70,Yes,Yes,Yes,Yes,FPO Registration Certificate; Crop Sowing Certificate; Bank Passbook; Encumbrance Certificate; Tenant Farmer Certificate; Passport Size Photograph,200000,40,Yes,2% p.a.,45,Offline,https://agriwelfare.gov.in,5.2,Active
SCHM065,Telangana Community Irrigation Tank Desilting Programme,Direct Benefit Transfer,Telangana,Telangana,Telangana Finance Department,Telangana State Cooperative Apex Bank (TSCAB),"To provide financial and technical support to eligible farmers under the 'Telangana Community Irrigation Tank Desilting Programme' initiative, strengthening direct benefit transfer across Telangana State.","Telangana Community Irrigation Tank Desilting Programme is a telangana-level scheme implemented to promote direct benefit transfer, improve farm incomes, and enhance agricultural resilience through targeted subsidies, credit linkages, and beneficiary support mechanisms.",Small & Marginal Farmer,Millets (Jowar/Bajra),FPO Member Farmers,1,10,200000,18,60,Yes,Yes,Yes,Yes,FPO Registration Certificate; Crop Sowing Certificate; Income Certificate; Ration Card,8000,60,No,None,20,Online and Offline (CSC),https://agri.telangana.gov.in,7.2,Active
SCHM066,Watershed Development Component Scheme,Infrastructure Development,Central,All India,"Ministry of Fisheries, Animal Husbandry & Dairying",Department of Animal Husbandry & Dairying,"To provide financial and technical support to eligible farmers under the 'Watershed Development Component Scheme' initiative, strengthening infrastructure development across India.","Watershed Development Component Scheme is a central-level scheme implemented to promote infrastructure development, improve farm incomes, and enhance agricultural resilience through targeted subsidies, credit linkages, and beneficiary support mechanisms.",Any Registered Farmer,Fruits,All Categories of Farmers,0.5,2,300000,21,60,No,Yes,Yes,Yes,Land Passbook / Pattadar Passbook; FPO Registration Certificate; Income Certificate; Crop Sowing Certificate; Ration Card; Passport Size Photograph,75000,75,Yes,None,20,Offline,https://agriwelfare.gov.in,7.2,Active
SCHM067,Telangana Women Farmer Empowerment Scheme,Life & Disability Insurance,Telangana,Telangana,Telangana Department of Rural Development,"Society for Elimination of Rural Poverty (SERP), Telangana","To provide financial and technical support to eligible farmers under the 'Telangana Women Farmer Empowerment Scheme' initiative, strengthening life & disability insurance across Telangana State.","Telangana Women Farmer Empowerment Scheme is a telangana-level scheme implemented to promote life & disability insurance, improve farm incomes, and enhance agricultural resilience through targeted subsidies, credit linkages, and beneficiary support mechanisms.",Horticulture Grower,Paddy,Tenant & Landowning Farmers,1,5,250000,18,60,Yes,Yes,No,Yes,Bank Passbook; Land Passbook / Pattadar Passbook; Soil Health Card; Crop Sowing Certificate,25000,60,No,None,30,Online,https://agri.telangana.gov.in,8.0,Active
SCHM068,Custom Hiring Centre Support Scheme Scheme,Infrastructure Development,Central,All India,"Ministry of Consumer Affairs, Food & Public Distribution",Department of Food & Public Distribution,"To provide financial and technical support to eligible farmers under the 'Custom Hiring Centre Support Scheme Scheme' initiative, strengthening infrastructure development across India.","Custom Hiring Centre Support Scheme Scheme is a central-level scheme implemented to promote infrastructure development, improve farm incomes, and enhance agricultural resilience through targeted subsidies, credit linkages, and beneficiary support mechanisms.",Marginal Farmer,Red Gram (Tur Dal),All Categories of Farmers,1,5,300000,18,65,Yes,Yes,Yes,Yes,Voter ID; Caste Certificate; FPO Registration Certificate; Land Passbook / Pattadar Passbook; Ration Card; Passport Size Photograph; Tenant Farmer Certificate,15000,50,No,None,10,Online,https://agriwelfare.gov.in,5.7,Active
SCHM069,Telangana Kisan Drone Promotion Scheme,Market Support,Telangana,Telangana,"Telangana Department of Animal Husbandry, Dairy Development & Fisheries","Directorate of Fisheries, Telangana","To provide financial and technical support to eligible farmers under the 'Telangana Kisan Drone Promotion Scheme' initiative, strengthening market support across Telangana State.","Telangana Kisan Drone Promotion Scheme is a telangana-level scheme implemented to promote market support, improve farm incomes, and enhance agricultural resilience through targeted subsidies, credit linkages, and beneficiary support mechanisms.",Marginal Farmer,Millets (Jowar/Bajra),All Categories of Farmers,0,10,250000,18,70,Yes,Yes,Yes,Yes,Land Passbook / Pattadar Passbook; Soil Health Card; Bank Passbook; Encumbrance Certificate; Tenant Farmer Certificate,5000,60,Yes,None,60,Online and Offline (CSC),https://agri.telangana.gov.in,5.6,Active
SCHM070,Agri-Startup Innovation Fund Scheme,Subsidy,Central,All India,Ministry of Finance,Department of Financial Services,"To provide financial and technical support to eligible farmers under the 'Agri-Startup Innovation Fund Scheme' initiative, strengthening subsidy across India.","Agri-Startup Innovation Fund Scheme is a central-level scheme implemented to promote subsidy, improve farm incomes, and enhance agricultural resilience through targeted subsidies, credit linkages, and beneficiary support mechanisms.",Any Registered Farmer,Fruits,Farmers with Valid Land Records,1,10,,18,70,Yes,Yes,No,No,Bank Passbook; Encumbrance Certificate; Voter ID; Crop Sowing Certificate; Passport Size Photograph; FPO Registration Certificate,500000,40,No,None,30,Online,https://agriwelfare.gov.in,9.2,Inactive
SCHM071,Telangana Vegetable Cluster Development Scheme,Crop Insurance,Telangana,Telangana,Telangana Department of Horticulture,"Directorate of Horticulture, Telangana","To provide financial and technical support to eligible farmers under the 'Telangana Vegetable Cluster Development Scheme' initiative, strengthening crop insurance across Telangana State.","Telangana Vegetable Cluster Development Scheme is a telangana-level scheme implemented to promote crop insurance, improve farm incomes, and enhance agricultural resilience through targeted subsidies, credit linkages, and beneficiary support mechanisms.",Tenant Farmer,Millets (Jowar/Bajra),Women-headed Farm Households,0.5,10,150000,18,70,Yes,Yes,Yes,Yes,Crop Sowing Certificate; Ration Card; Passport Size Photograph; Voter ID; Land Passbook / Pattadar Passbook,100000,40,Yes,3% p.a.,45,Online and Offline (CSC),https://agri.telangana.gov.in,8.6,Inactive
SCHM072,Cold Chain and Value Addition Infrastructure Scheme Scheme,Infrastructure Development,Central,All India,Ministry of Agriculture & Farmers Welfare,Department of Agriculture & Farmers Welfare,"To provide financial and technical support to eligible farmers under the 'Cold Chain and Value Addition Infrastructure Scheme Scheme' initiative, strengthening infrastructure development across India.","Cold Chain and Value Addition Infrastructure Scheme Scheme is a central-level scheme implemented to promote infrastructure development, improve farm incomes, and enhance agricultural resilience through targeted subsidies, credit linkages, and beneficiary support mechanisms.",Marginal Farmer,Paddy,FPO Member Farmers,0,10,200000,18,,Yes,Yes,Yes,No,Encumbrance Certificate; FPO Registration Certificate; Crop Sowing Certificate; Caste Certificate; Ration Card,75000,33,Yes,3% p.a.,20,Offline,https://agriwelfare.gov.in,7.4,Active
SCHM073,Telangana Natural Farming Demonstration Plots Scheme,Infrastructure Development,Telangana,Telangana,Telangana Department of Cooperation,"Directorate of Marketing & Cooperation, Telangana","To provide financial and technical support to eligible farmers under the 'Telangana Natural Farming Demonstration Plots Scheme' initiative, strengthening infrastructure development across Telangana State.","Telangana Natural Farming Demonstration Plots Scheme is a telangana-level scheme implemented to promote infrastructure development, improve farm incomes, and enhance agricultural resilience through targeted subsidies, credit linkages, and beneficiary support mechanisms.",Landholding Farmer,Millets (Jowar/Bajra),All Categories of Farmers,1,2.5,150000,18,70,Yes,Yes,No,Yes,Tenant Farmer Certificate; Soil Health Card; Bank Passbook; Land Passbook / Pattadar Passbook; Aadhaar Card; Ration Card,50000,75,Yes,3% p.a.,60,Offline,https://agri.telangana.gov.in,9.7,Active
SCHM074,Bio-Fertilizer Promotion Scheme Scheme,Credit Support,Central,All India,"Ministry of Fisheries, Animal Husbandry & Dairying",Department of Animal Husbandry & Dairying,"To provide financial and technical support to eligible farmers under the 'Bio-Fertilizer Promotion Scheme Scheme' initiative, strengthening credit support across India.","Bio-Fertilizer Promotion Scheme Scheme is a central-level scheme implemented to promote credit support, improve farm incomes, and enhance agricultural resilience through targeted subsidies, credit linkages, and beneficiary support mechanisms.",Dairy Farmer,Vegetables,Sharecroppers with Certificate,0.5,7.5,,18,,No,Yes,Yes,Yes,Aadhaar Card; FPO Registration Certificate; Ration Card; Tenant Farmer Certificate; Passport Size Photograph; Crop Sowing Certificate,20000,100,Yes,2% p.a.,60,Online,https://agriwelfare.gov.in,7.2,Active
SCHM075,Telangana Backyard Poultry Distribution Scheme,Irrigation Support,Telangana,Telangana,Telangana Department of Horticulture,"Directorate of Horticulture, Telangana","To provide financial and technical support to eligible farmers under the 'Telangana Backyard Poultry Distribution Scheme' initiative, strengthening irrigation support across Telangana State.","Telangana Backyard Poultry Distribution Scheme is a telangana-level scheme implemented to promote irrigation support, improve farm incomes, and enhance agricultural resilience through targeted subsidies, credit linkages, and beneficiary support mechanisms.",Landholding Farmer,Paddy,Farmers with Valid Land Records,0,10,250000,18,70,Yes,Yes,Yes,No,Encumbrance Certificate; Voter ID; Ration Card; Passport Size Photograph; Crop Sowing Certificate; Land Passbook / Pattadar Passbook; Bank Passbook,8000,75,Yes,4% p.a.,30,Offline,https://agri.telangana.gov.in,8.8,Active
SCHM076,Digital Agriculture Mission Scheme - Phase 2,Life & Disability Insurance,Central,All India,Ministry of Jal Shakti,"Department of Water Resources, River Development and Ganga Rejuvenation","To provide financial and technical support to eligible farmers under the 'Digital Agriculture Mission Scheme - Phase 2' initiative, strengthening life & disability insurance across India.","Digital Agriculture Mission Scheme - Phase 2 is a central-level scheme implemented to promote life & disability insurance, improve farm incomes, and enhance agricultural resilience through targeted subsidies, credit linkages, and beneficiary support mechanisms.",Small & Marginal Farmer,Paddy,Small & Marginal Farmers,0.5,7.5,250000,21,65,Yes,Yes,Yes,Yes,Bank Passbook; Caste Certificate; Passport Size Photograph; Ration Card; Mobile Number linked to Aadhaar; Income Certificate,100000,100,No,None,45,Online and Offline (CSC),https://agriwelfare.gov.in,6.5,Active
SCHM077,Telangana Farm Pond and Water Conservation Drive - Phase 2,Infrastructure Development,Telangana,Telangana,Telangana Department of Horticulture,"Directorate of Horticulture, Telangana","To provide financial and technical support to eligible farmers under the 'Telangana Farm Pond and Water Conservation Drive - Phase 2' initiative, strengthening infrastructure development across Telangana State.","Telangana Farm Pond and Water Conservation Drive - Phase 2 is a telangana-level scheme implemented to promote infrastructure development, improve farm incomes, and enhance agricultural resilience through targeted subsidies, credit linkages, and beneficiary support mechanisms.",Sharecropper,Sugarcane,Landowning Farmers,1,5,300000,18,60,No,Yes,Yes,No,FPO Registration Certificate; Crop Sowing Certificate; Soil Health Card; Aadhaar Card; Passport Size Photograph,250000,33,Yes,2% p.a.,20,Offline,https://agri.telangana.gov.in,7.1,Active
SCHM078,Farmer Welfare and Skill Development Programme Scheme - Phase 2,Irrigation Support,Central,All India,Ministry of Food Processing Industries,Department of Food Processing Industries,"To provide financial and technical support to eligible farmers under the 'Farmer Welfare and Skill Development Programme Scheme - Phase 2' initiative, strengthening irrigation support across India.","Farmer Welfare and Skill Development Programme Scheme - Phase 2 is a central-level scheme implemented to promote irrigation support, improve farm incomes, and enhance agricultural resilience through targeted subsidies, credit linkages, and beneficiary support mechanisms.",Dairy Farmer,Fruits,Landowning Farmers,0,10,100000,18,,No,Yes,Yes,Yes,Voter ID; Income Certificate; FPO Registration Certificate; Encumbrance Certificate; Ration Card; Tenant Farmer Certificate; Soil Health Card,15000,50,Yes,3% p.a.,15,Offline,https://agriwelfare.gov.in,8.5,Active
SCHM079,Telangana Agri Export Zone Support Scheme - Phase 2,Infrastructure Development,Telangana,Telangana,Telangana Department of Rural Development,"Society for Elimination of Rural Poverty (SERP), Telangana","To provide financial and technical support to eligible farmers under the 'Telangana Agri Export Zone Support Scheme - Phase 2' initiative, strengthening infrastructure development across Telangana State.","Telangana Agri Export Zone Support Scheme - Phase 2 is a telangana-level scheme implemented to promote infrastructure development, improve farm incomes, and enhance agricultural resilience through targeted subsidies, credit linkages, and beneficiary support mechanisms.",Dairy Farmer,Soybean,FPO Member Farmers,0,10,300000,21,,Yes,Yes,Yes,Yes,Ration Card; Mobile Number linked to Aadhaar; Land Passbook / Pattadar Passbook; Income Certificate,75000,50,No,None,10,Online,https://agri.telangana.gov.in,9.1,Active
SCHM080,Post-Harvest Loss Reduction Initiative Scheme - Phase 2,Fisheries Support,Central,All India,Ministry of Finance,Department of Financial Services,"To provide financial and technical support to eligible farmers under the 'Post-Harvest Loss Reduction Initiative Scheme - Phase 2' initiative, strengthening fisheries support across India.","Post-Harvest Loss Reduction Initiative Scheme - Phase 2 is a central-level scheme implemented to promote fisheries support, improve farm incomes, and enhance agricultural resilience through targeted subsidies, credit linkages, and beneficiary support mechanisms.",Marginal Farmer,Turmeric,Women-headed Farm Households,0,,250000,18,65,Yes,Yes,Yes,No,Mobile Number linked to Aadhaar; Tenant Farmer Certificate; Land Passbook / Pattadar Passbook; Crop Sowing Certificate; Bank Passbook; Aadhaar Card,100000,40,No,None,45,Offline,https://agriwelfare.gov.in,7.4,Active
