bank_id,bank_name,branch_name,district,state,ifsc,manager_name,phone,email,latitude,longitude,loan_available,insurance_available,government_linked,working_days
SBI001,State Bank of India,Jogulamba Gadwal Town Branch,Jogulamba Gadwal,Telangana,SBIN0491823,Naveen Verma,040-20715572,branch.jogulamba.gadwal.town.branch@sbi.co.in,16.278686,77.808872,Yes,Yes,Yes,"Monday to Friday (10:00 AM - 4:00 PM), Saturday (10:00 AM - 2:00 PM)"
SBI002,State Bank of India,Wanaparthy Extension Counter,Wanaparthy,Telangana,SBIN0485176,Suresh Kumar,040-22166605,branch.wanaparthy.extension.counter@sbi.co.in,16.356809,78.102924,Yes,No,Yes,"Monday to Saturday (10:00 AM - 5:00 PM), Sunday Closed"
SBI003,State Bank of India,Siddipet Circle Office Branch,Siddipet,Telangana,SBIN0692374,Anitha Reddy,040-21842011,branch.siddipet.circle.office.branch@sbi.co.in,18.111342,78.900289,Yes,Yes,No,"Monday to Friday (10:00 AM - 4:00 PM), Saturday (10:00 AM - 2:00 PM)"
SBI004,State Bank of India,Jagtial Market Road Branch,Jagtial,Telangana,SBIN0324856,Anjali Reddy,040-26393151,branch.jagtial.market.road.branch@sbi.co.in,18.834568,78.924201,Yes,Yes,Yes,"Monday to Friday (10:00 AM - 4:00 PM), Saturday (10:00 AM - 2:00 PM)"
SBI005,State Bank of India,Nagarkurnool Circle Office Branch,Nagarkurnool,Telangana,SBIN0423695,Anil Patel,040-22119816,branch.nagarkurnool.circle.office.branch@sbi.co.in,16.498243,78.316297,Yes,Yes,No,"Monday to Saturday (10:00 AM - 4:00 PM), except 2nd & 4th Saturday"
SBI006,State Bank of India,Kamareddy Collectorate Road Branch,Kamareddy,Telangana,SBIN0157747,Anjali Verma,040-22086531,branch.kamareddy.collectorate.road.branch@sbi.co.in,18.343555,78.365436,Yes,Yes,Yes,"Monday to Saturday (10:00 AM - 4:00 PM), except 2nd & 4th Saturday"
SBI007,State Bank of India,Rangareddy Circle Office Branch,Rangareddy,Telangana,SBIN0334607,Vijay Yadav,040-23924292,branch.rangareddy.circle.office.branch@sbi.co.in,17.310987,78.522413,Yes,Yes,No,"Monday to Saturday (10:00 AM - 4:00 PM), except 2nd & 4th Saturday"
SBI008,State Bank of India,Khammam Main Branch,Khammam,Telangana,SBIN0614143,Anil Reddy,040-25661219,branch.khammam.main.branch@sbi.co.in,17.265132,80.151523,Yes,Yes,No,"Monday to Saturday (10:00 AM - 5:00 PM), Sunday Closed"
SBI009,State Bank of India,Jangaon Circle Office Branch,Jangaon,Telangana,SBIN0097165,Anitha Reddy,040-26257827,branch.jangaon.circle.office.branch@sbi.co.in,17.714094,79.212169,Yes,Yes,Yes,"Monday to Friday (9:30 AM - 3:30 PM), Saturday (9:30 AM - 1:30 PM)"
SBI010,State Bank of India,Wanaparthy Collectorate Road Branch,Wanaparthy,Telangana,SBIN0325746,Padma Rathod,040-25266919,branch.wanaparthy.collectorate.road.branch@sbi.co.in,16.395958,78.035505,Yes,No,No,"Monday to Saturday (10:00 AM - 4:00 PM), except 2nd & 4th Saturday"
SBI011,State Bank of India,Khammam Town Branch,Khammam,Telangana,SBIN0925391,Krishna Verma,040-24298533,branch.khammam.town.branch@sbi.co.in,17.235655,80.145213,Yes,Yes,No,"Monday to Friday (9:30 AM - 3:30 PM), Saturday (9:30 AM - 1:30 PM)"
SBI012,State Bank of India,Nirmal RTC Cross Roads Branch,Nirmal,Telangana,SBIN0451854,Sunil Sharma,040-26867459,branch.nirmal.rtc.cross.roads.branch@sbi.co.in,19.12532,78.347324,No,No,Yes,"Monday to Saturday (10:00 AM - 5:00 PM), Sunday Closed"
SBI013,State Bank of India,Siddipet Extension Counter,Siddipet,Telangana,SBIN0699171,Kiran Yadav,040-23262697,branch.siddipet.extension.counter@sbi.co.in,18.119624,78.862428,Yes,No,Yes,"Monday to Friday (9:30 AM - 3:30 PM), Saturday (9:30 AM - 1:30 PM)"
SBI014,State Bank of India,Narayanpet Bus Stand Branch,Narayanpet,Telangana,SBIN0934626,Vani Reddy Gari,040-22879957,branch.narayanpet.bus.stand.branch@sbi.co.in,16.765434,77.540365,Yes,Yes,Yes,"Monday to Saturday (10:00 AM - 4:00 PM), except 2nd & 4th Saturday"
SBI015,State Bank of India,Sangareddy Gandhi Chowk Branch,Sangareddy,Telangana,SBIN0419326,Ramesh Rao,040-28416395,branch.sangareddy.gandhi.chowk.branch@sbi.co.in,17.616325,78.123175,Yes,Yes,Yes,"Monday to Saturday (10:00 AM - 4:00 PM), except 2nd & 4th Saturday"
SBI016,State Bank of India,Vikarabad Bus Stand Branch,Vikarabad,Telangana,SBIN0276726,Pooja Rathod,040-26993367,branch.vikarabad.bus.stand.branch@sbi.co.in,17.338912,77.934279,Yes,Yes,No,"Monday to Friday (9:30 AM - 3:30 PM), Saturday (9:30 AM - 1:30 PM)"
SBI017,State Bank of India,Wanaparthy Town Branch,Wanaparthy,Telangana,SBIN0845547,Sujatha Rao,040-29739358,branch.wanaparthy.town.branch@sbi.co.in,16.330628,78.014962,Yes,Yes,Yes,"Monday to Friday (9:30 AM - 3:30 PM), Saturday (9:30 AM - 1:30 PM)"
SBI018,State Bank of India,Sangareddy Rural Branch,Sangareddy,Telangana,SBIN0417801,Meena Goud,040-24442638,branch.sangareddy.rural.branch@sbi.co.in,17.5949,78.047011,Yes,Yes,Yes,"Monday to Saturday (10:00 AM - 5:00 PM), Sunday Closed"
SBI019,State Bank of India,Medak Rural Branch,Medak,Telangana,SBIN0438475,Sandhya Naik,040-23000337,branch.medak.rural.branch@sbi.co.in,18.085692,78.287464,Yes,Yes,Yes,"Monday to Saturday (10:00 AM - 5:00 PM), Sunday Closed"
SBI020,State Bank of India,Kumuram Bheem Asifabad Mandal Branch,Kumuram Bheem Asifabad,Telangana,SBIN0600621,Sunil Reddy Gari,040-27991883,branch.kumuram.bheem.asifabad.mandal.branch@sbi.co.in,19.329966,79.328368,Yes,No,Yes,"Monday to Saturday (10:00 AM - 5:00 PM), Sunday Closed"
SBI021,State Bank of India,Jagtial Mandal Branch,Jagtial,Telangana,SBIN0075648,Naveen Reddy Gari,040-20066111,branch.jagtial.mandal.branch@sbi.co.in,18.793217,78.872487,Yes,Yes,No,"Monday to Friday (9:30 AM - 3:30 PM), Saturday (9:30 AM - 1:30 PM)"
SBI022,State Bank of India,Rajanna Sircilla Extension Counter,Rajanna Sircilla,Telangana,SBIN0964683,Suresh Verma,040-20606356,branch.rajanna.sircilla.extension.counter@sbi.co.in,18.374894,78.780098,Yes,Yes,Yes,"Monday to Friday (9:30 AM - 3:30 PM), Saturday (9:30 AM - 1:30 PM)"
SBI023,State Bank of India,Khammam Collectorate Road Branch,Khammam,Telangana,SBIN0812678,Divya Naidu,040-23162130,branch.khammam.collectorate.road.branch@sbi.co.in,17.213152,80.145308,Yes,Yes,Yes,"Monday to Friday (9:30 AM - 3:30 PM), Saturday (9:30 AM - 1:30 PM)"
CNRB001,Canara Bank,Warangal Rural Mandal Branch,Warangal Rural,Telangana,CNRB0674130,Mahesh Naik,040-20210344,branch.warangal.rural.mandal.branch@canarabank.com,17.946358,79.419714,Yes,No,No,"Monday to Saturday (10:00 AM - 4:00 PM), except 2nd & 4th Saturday"
CNRB002,Canara Bank,Siddipet Extension Counter,Siddipet,Telangana,CNRB0916661,Sunil Rao,040-22708399,branch.siddipet.extension.counter@canarabank.com,18.108475,78.8753,No,No,No,"Monday to Friday (9:30 AM - 3:30 PM), Saturday (9:30 AM - 1:30 PM)"
CNRB003,Canara Bank,Jagtial Extension Counter,Jagtial,Telangana,CNRB0415788,Ramesh Sharma,040-22664691,branch.jagtial.extension.counter@canarabank.com,18.7662,78.91993,Yes,Yes,Yes,"Monday to Friday (9:30 AM - 3:30 PM), Saturday (9:30 AM - 1:30 PM)"
CNRB004,Canara Bank,Yadadri Bhuvanagiri Town Branch,Yadadri Bhuvanagiri,Telangana,CNRB0042252,Swathi Goud,040-25323845,branch.yadadri.bhuvanagiri.town.branch@canarabank.com,17.52641,79.085844,Yes,Yes,No,"Monday to Friday (10:00 AM - 4:00 PM), Saturday (10:00 AM - 2:00 PM)"
CNRB005,Canara Bank,Khammam Bus Stand Branch,Khammam,Telangana,CNRB0574594,Srinivas Naik,040-20311073,branch.khammam.bus.stand.branch@canarabank.com,17.234966,80.128467,Yes,No,No,"Monday to Saturday (10:00 AM - 5:00 PM), Sunday Closed"
CNRB006,Canara Bank,Mahbubnagar Bus Stand Branch,Mahbubnagar,Telangana,CNRB0182614,Mahesh Verma,040-20915575,branch.mahbubnagar.bus.stand.branch@canarabank.com,16.747227,78.037224,Yes,Yes,Yes,"Monday to Friday (10:00 AM - 4:00 PM), Saturday (10:00 AM - 2:00 PM)"
CNRB007,Canara Bank,Rangareddy Main Branch,Rangareddy,Telangana,CNRB0878344,Venkatesh Goud,040-23015664,branch.rangareddy.main.branch@canarabank.com,17.313471,78.486556,Yes,Yes,No,"Monday to Saturday (10:00 AM - 4:00 PM), except 2nd & 4th Saturday"
CNRB008,Canara Bank,Rangareddy Main Branch (2),Rangareddy,Telangana,CNRB0977973,Satish Reddy,040-28438571,branch.rangareddy.main.branch.(2)@canarabank.com,17.327975,78.473063,Yes,No,Yes,"Monday to Saturday (10:00 AM - 4:00 PM), except 2nd & 4th Saturday"
CNRB009,Canara Bank,Medak Market Road Branch,Medak,Telangana,CNRB0501399,Rekha Prasad,040-21526626,branch.medak.market.road.branch@canarabank.com,18.057723,78.252132,Yes,Yes,No,"Monday to Saturday (10:00 AM - 5:00 PM), Sunday Closed"
CNRB010,Canara Bank,Khammam Rural Branch,Khammam,Telangana,CNRB0641084,Venkatesh Patel,040-22912159,branch.khammam.rural.branch@canarabank.com,17.21814,80.186874,Yes,No,Yes,"Monday to Friday (9:30 AM - 3:30 PM), Saturday (9:30 AM - 1:30 PM)"
CNRB011,Canara Bank,Karimnagar Circle Office Branch,Karimnagar,Telangana,CNRB0961627,Deepika Rathod,040-29113742,branch.karimnagar.circle.office.branch@canarabank.com,18.405384,79.130383,Yes,Yes,Yes,"Monday to Saturday (10:00 AM - 5:00 PM), Sunday Closed"
CNRB012,Canara Bank,Mulugu Bus Stand Branch,Mulugu,Telangana,CNRB0262665,Naveen Patel,040-29472243,branch.mulugu.bus.stand.branch@canarabank.com,18.186343,80.00724,Yes,Yes,No,"Monday to Friday (10:00 AM - 4:00 PM), Saturday (10:00 AM - 2:00 PM)"
CNRB013,Canara Bank,Wanaparthy Agri Business Branch,Wanaparthy,Telangana,CNRB0198834,Rekha Reddy,040-24913264,branch.wanaparthy.agri.business.branch@canarabank.com,16.404931,78.056576,Yes,No,No,"Monday to Friday (10:00 AM - 4:00 PM), Saturday (10:00 AM - 2:00 PM)"
CNRB014,Canara Bank,Suryapet Collectorate Road Branch,Suryapet,Telangana,CNRB0382247,Padma Goud,040-25780908,branch.suryapet.collectorate.road.branch@canarabank.com,17.147825,79.597833,Yes,Yes,Yes,"Monday to Saturday (10:00 AM - 4:00 PM), except 2nd & 4th Saturday"
CNRB015,Canara Bank,Yadadri Bhuvanagiri Main Branch,Yadadri Bhuvanagiri,Telangana,CNRB0372191,Kavitha Goud,040-21313989,branch.yadadri.bhuvanagiri.main.branch@canarabank.com,17.542639,79.130955,Yes,Yes,Yes,"Monday to Friday (9:30 AM - 3:30 PM), Saturday (9:30 AM - 1:30 PM)"
CNRB016,Canara Bank,Nagarkurnool Market Road Branch,Nagarkurnool,Telangana,CNRB0817676,Lakshmi Reddy,040-20487359,branch.nagarkurnool.market.road.branch@canarabank.com,16.523185,78.296496,Yes,Yes,No,"Monday to Friday (10:00 AM - 4:00 PM), Saturday (10:00 AM - 2:00 PM)"
CNRB017,Canara Bank,Suryapet Gandhi Chowk Branch,Suryapet,Telangana,CNRB0457019,Lakshmi Naik,040-26203635,branch.suryapet.gandhi.chowk.branch@canarabank.com,17.154601,79.611706,Yes,Yes,Yes,"Monday to Friday (9:30 AM - 3:30 PM), Saturday (9:30 AM - 1:30 PM)"
CNRB018,Canara Bank,Rajanna Sircilla Town Branch,Rajanna Sircilla,Telangana,CNRB0286545,Mahesh Naidu,040-21080851,branch.rajanna.sircilla.town.branch@canarabank.com,18.366208,78.797987,No,Yes,Yes,"Monday to Friday (10:00 AM - 4:00 PM), Saturday (10:00 AM - 2:00 PM)"
CNRB019,Canara Bank,Warangal Urban Extension Counter,Warangal Urban,Telangana,CNRB0254913,Venkatesh Yadav,040-27460894,branch.warangal.urban.extension.counter@canarabank.com,17.945998,79.574781,Yes,Yes,Yes,"Monday to Saturday (10:00 AM - 5:00 PM), Sunday Closed"
CNRB020,Canara Bank,Rajanna Sircilla Mandal Branch,Rajanna Sircilla,Telangana,CNRB0801706,Sunil Patel,040-27408156,branch.rajanna.sircilla.mandal.branch@canarabank.com,18.345695,78.76527,Yes,No,Yes,"Monday to Saturday (10:00 AM - 4:00 PM), except 2nd & 4th Saturday"
CNRB021,Canara Bank,Medchal-Malkajgiri Town Branch,Medchal-Malkajgiri,Telangana,CNRB0960638,Sujatha Verma,040-23496598,branch.medchal-malkajgiri.town.branch@canarabank.com,17.640197,78.478159,Yes,No,Yes,"Monday to Saturday (10:00 AM - 5:00 PM), Sunday Closed"
CNRB022,Canara Bank,Siddipet Collectorate Road Branch,Siddipet,Telangana,CNRB0020801,Suresh Prasad,040-21402814,branch.siddipet.collectorate.road.branch@canarabank.com,18.085649,78.861536,Yes,No,Yes,"Monday to Friday (10:00 AM - 4:00 PM), Saturday (10:00 AM - 2:00 PM)"
CNRB023,Canara Bank,Jayashankar Bhupalpally Bus Stand Branch,Jayashankar Bhupalpally,Telangana,CNRB0213571,Vani Reddy Gari,040-21793822,branch.jayashankar.bhupalpally.bus.stand.branch@canarabank.com,18.384159,79.917934,Yes,Yes,No,"Monday to Friday (9:30 AM - 3:30 PM), Saturday (9:30 AM - 1:30 PM)"
PNB001,Punjab National Bank,Jagtial Extension Counter,Jagtial,Telangana,PUNB0507876,Venkatesh Rathod,040-28415619,branch.jagtial.extension.counter@pnb.co.in,18.780016,78.949842,Yes,Yes,Yes,"Monday to Saturday (10:00 AM - 4:00 PM), except 2nd & 4th Saturday"
PNB002,Punjab National Bank,Rangareddy Agri Business Branch,Rangareddy,Telangana,PUNB0535186,Srinivas Patel,040-28430411,branch.rangareddy.agri.business.branch@pnb.co.in,17.315945,78.444902,Yes,Yes,Yes,"Monday to Saturday (10:00 AM - 4:00 PM), except 2nd & 4th Saturday"
PNB003,Punjab National Bank,Mahabubabad Extension Counter,Mahabubabad,Telangana,PUNB0000351,Naveen Naik,040-26703332,branch.mahabubabad.extension.counter@pnb.co.in,17.603679,80.030236,Yes,Yes,Yes,"Monday to Saturday (10:00 AM - 5:00 PM), Sunday Closed"
PNB004,Punjab National Bank,Jagtial Bus Stand Branch,Jagtial,Telangana,PUNB0911592,Rekha Rao,040-24055025,branch.jagtial.bus.stand.branch@pnb.co.in,18.78669,78.869366,Yes,Yes,No,"Monday to Friday (9:30 AM - 3:30 PM), Saturday (9:30 AM - 1:30 PM)"
PNB005,Punjab National Bank,Narayanpet Gandhi Chowk Branch,Narayanpet,Telangana,PUNB0199184,Lakshmi Prasad,040-21871657,branch.narayanpet.gandhi.chowk.branch@pnb.co.in,16.713323,77.499397,Yes,No,Yes,"Monday to Saturday (10:00 AM - 5:00 PM), Sunday Closed"
PNB006,Punjab National Bank,Nalgonda Gandhi Chowk Branch,Nalgonda,Telangana,PUNB0262258,Bhavani Chowdary,040-25862688,branch.nalgonda.gandhi.chowk.branch@pnb.co.in,17.040978,79.223282,Yes,Yes,No,"Monday to Saturday (10:00 AM - 4:00 PM), except 2nd & 4th Saturday"
PNB007,Punjab National Bank,Jayashankar Bhupalpally Gandhi Chowk Branch,Jayashankar Bhupalpally,Telangana,PUNB0548533,Anjali Verma,040-27989392,branch.jayashankar.bhupalpally.gandhi.chowk.branch@pnb.co.in,18.467282,79.919097,No,Yes,Yes,"Monday to Friday (9:30 AM - 3:30 PM), Saturday (9:30 AM - 1:30 PM)"
PNB008,Punjab National Bank,Jagtial Agri Business Branch,Jagtial,Telangana,PUNB0160242,Srinivas Verma,040-20768264,branch.jagtial.agri.business.branch@pnb.co.in,18.742954,78.921589,Yes,Yes,No,"Monday to Friday (9:30 AM - 3:30 PM), Saturday (9:30 AM - 1:30 PM)"
PNB009,Punjab National Bank,Narayanpet Agri Business Branch,Narayanpet,Telangana,PUNB0726703,Vijay Naik,040-21686440,branch.narayanpet.agri.business.branch@pnb.co.in,16.779401,77.461199,Yes,Yes,No,"Monday to Friday (9:30 AM - 3:30 PM), Saturday (9:30 AM - 1:30 PM)"
PNB010,Punjab National Bank,Wanaparthy Main Branch,Wanaparthy,Telangana,PUNB0184064,Satish Rao,040-27966594,branch.wanaparthy.main.branch@pnb.co.in,16.352964,78.076471,Yes,No,Yes,"Monday to Friday (9:30 AM - 3:30 PM), Saturday (9:30 AM - 1:30 PM)"
PNB011,Punjab National Bank,Nalgonda Rural Branch,Nalgonda,Telangana,PUNB0271543,Padma Naidu,040-25901231,branch.nalgonda.rural.branch@pnb.co.in,17.066712,79.302274,Yes,Yes,Yes,"Monday to Friday (10:00 AM - 4:00 PM), Saturday (10:00 AM - 2:00 PM)"
PNB012,Punjab National Bank,Warangal Rural Bus Stand Branch,Warangal Rural,Telangana,PUNB0622439,Padma Prasad,040-24853793,branch.warangal.rural.bus.stand.branch@pnb.co.in,17.965173,79.439941,No,Yes,No,"Monday to Saturday (10:00 AM - 4:00 PM), except 2nd & 4th Saturday"
PNB013,Punjab National Bank,Bhadradri Kothagudem Market Road Branch,Bhadradri Kothagudem,Telangana,PUNB0301104,Kiran Reddy Gari,040-20454179,branch.bhadradri.kothagudem.market.road.branch@pnb.co.in,17.571199,80.665959,Yes,Yes,Yes,"Monday to Saturday (10:00 AM - 5:00 PM), Sunday Closed"
PNB014,Punjab National Bank,Jayashankar Bhupalpally RTC Cross Roads Branch,Jayashankar Bhupalpally,Telangana,PUNB0455304,Pooja Verma,040-21551390,branch.jayashankar.bhupalpally.rtc.cross.roads.branch@pnb.co.in,18.434563,79.850834,Yes,Yes,No,"Monday to Saturday (10:00 AM - 4:00 PM), except 2nd & 4th Saturday"
PNB015,Punjab National Bank,Jangaon RTC Cross Roads Branch,Jangaon,Telangana,PUNB0253409,Vijay Chowdary,040-20634923,branch.jangaon.rtc.cross.roads.branch@pnb.co.in,17.723312,79.137429,Yes,No,Yes,"Monday to Friday (9:30 AM - 3:30 PM), Saturday (9:30 AM - 1:30 PM)"
PNB016,Punjab National Bank,Suryapet Gandhi Chowk Branch,Suryapet,Telangana,PUNB0972021,Swathi Patel,040-28985918,branch.suryapet.gandhi.chowk.branch@pnb.co.in,17.146252,79.581196,No,Yes,No,"Monday to Friday (10:00 AM - 4:00 PM), Saturday (10:00 AM - 2:00 PM)"
PNB017,Punjab National Bank,Bhadradri Kothagudem Mandal Branch,Bhadradri Kothagudem,Telangana,PUNB0520740,Satish Naik,040-20052399,branch.bhadradri.kothagudem.mandal.branch@pnb.co.in,17.549604,80.632123,Yes,Yes,Yes,"Monday to Saturday (10:00 AM - 5:00 PM), Sunday Closed"
PNB018,Punjab National Bank,Mahbubnagar Circle Office Branch,Mahbubnagar,Telangana,PUNB0479872,Sujatha Rathod,040-20349630,branch.mahbubnagar.circle.office.branch@pnb.co.in,16.714446,77.959659,Yes,No,Yes,"Monday to Friday (10:00 AM - 4:00 PM), Saturday (10:00 AM - 2:00 PM)"
PNB019,Punjab National Bank,Karimnagar Extension Counter,Karimnagar,Telangana,PUNB0412565,Deepika Kumar,040-28359424,branch.karimnagar.extension.counter@pnb.co.in,18.45112,79.147452,Yes,Yes,Yes,"Monday to Saturday (10:00 AM - 4:00 PM), except 2nd & 4th Saturday"
PNB020,Punjab National Bank,Warangal Rural Agri Business Branch,Warangal Rural,Telangana,PUNB0604005,Anil Kumar,040-28997131,branch.warangal.rural.agri.business.branch@pnb.co.in,17.997538,79.411791,Yes,Yes,No,"Monday to Friday (9:30 AM - 3:30 PM), Saturday (9:30 AM - 1:30 PM)"
PNB021,Punjab National Bank,Jangaon Town Branch,Jangaon,Telangana,PUNB0408062,Kiran Verma,040-24366418,branch.jangaon.town.branch@pnb.co.in,17.693255,79.156206,No,Yes,Yes,"Monday to Saturday (10:00 AM - 4:00 PM), except 2nd & 4th Saturday"
PNB022,Punjab National Bank,Mancherial RTC Cross Roads Branch,Mancherial,Telangana,PUNB0243049,Anitha Reddy Gari,040-20298427,branch.mancherial.rtc.cross.roads.branch@pnb.co.in,18.898234,79.417432,Yes,No,Yes,"Monday to Friday (9:30 AM - 3:30 PM), Saturday (9:30 AM - 1:30 PM)"
BOB001,Bank of Baroda,Jogulamba Gadwal Collectorate Road Branch,Jogulamba Gadwal,Telangana,BARB0416041,Naveen Patel,040-27105601,branch.jogulamba.gadwal.collectorate.road.branch@bankofbaroda.com,16.2052,77.767772,Yes,Yes,Yes,"Monday to Friday (10:00 AM - 4:00 PM), Saturday (10:00 AM - 2:00 PM)"
BOB002,Bank of Baroda,Yadadri Bhuvanagiri Bus Stand Branch,Yadadri Bhuvanagiri,Telangana,BARB0833340,Prasad Goud,040-24101630,branch.yadadri.bhuvanagiri.bus.stand.branch@bankofbaroda.com,17.506349,79.134027,Yes,No,Yes,"Monday to Friday (10:00 AM - 4:00 PM), Saturday (10:00 AM - 2:00 PM)"
BOB003,Bank of Baroda,Jogulamba Gadwal Town Branch,Jogulamba Gadwal,Telangana,BARB0661151,Bhavani Verma,040-23611683,branch.jogulamba.gadwal.town.branch@bankofbaroda.com,16.202455,77.828476,Yes,Yes,Yes,"Monday to Friday (10:00 AM - 4:00 PM), Saturday (10:00 AM - 2:00 PM)"
BOB004,Bank of Baroda,Suryapet Gandhi Chowk Branch,Suryapet,Telangana,BARB0449479,Anjali Rathod,040-27290643,branch.suryapet.gandhi.chowk.branch@bankofbaroda.com,17.185709,79.633541,Yes,No,Yes,"Monday to Saturday (10:00 AM - 4:00 PM), except 2nd & 4th Saturday"
BOB005,Bank of Baroda,Jangaon Market Road Branch,Jangaon,Telangana,BARB0506967,Krishna Yadav,040-23075067,branch.jangaon.market.road.branch@bankofbaroda.com,17.723621,79.168238,Yes,Yes,Yes,"Monday to Friday (9:30 AM - 3:30 PM), Saturday (9:30 AM - 1:30 PM)"
BOB006,Bank of Baroda,Vikarabad Town Branch,Vikarabad,Telangana,BARB0507400,Suresh Reddy Gari,040-27625550,branch.vikarabad.town.branch@bankofbaroda.com,17.341375,77.915165,Yes,Yes,Yes,"Monday to Saturday (10:00 AM - 5:00 PM), Sunday Closed"
BOB007,Bank of Baroda,Suryapet Main Branch,Suryapet,Telangana,BARB0764520,Venkatesh Goud,040-22042341,branch.suryapet.main.branch@bankofbaroda.com,17.17897,79.599737,No,Yes,No,"Monday to Friday (10:00 AM - 4:00 PM), Saturday (10:00 AM - 2:00 PM)"
BOB008,Bank of Baroda,Adilabad Bus Stand Branch,Adilabad,Telangana,BARB0140338,Kavitha Patel,040-24258814,branch.adilabad.bus.stand.branch@bankofbaroda.com,19.625398,78.540874,Yes,No,Yes,"Monday to Friday (10:00 AM - 4:00 PM), Saturday (10:00 AM - 2:00 PM)"
BOB009,Bank of Baroda,Medak Bus Stand Branch,Medak,Telangana,BARB0985148,Anjali Naidu,040-23579635,branch.medak.bus.stand.branch@bankofbaroda.com,18.0756,78.221898,Yes,Yes,Yes,"Monday to Saturday (10:00 AM - 5:00 PM), Sunday Closed"
BOB010,Bank of Baroda,Kumuram Bheem Asifabad Agri Business Branch,Kumuram Bheem Asifabad,Telangana,BARB0255735,Sujatha Reddy,040-27580983,branch.kumuram.bheem.asifabad.agri.business.branch@bankofbaroda.com,19.346845,79.273775,Yes,Yes,Yes,"Monday to Saturday (10:00 AM - 4:00 PM), except 2nd & 4th Saturday"
BOB011,Bank of Baroda,Kumuram Bheem Asifabad RTC Cross Roads Branch,Kumuram Bheem Asifabad,Telangana,BARB0809114,Anil Rathod,040-26187335,branch.kumuram.bheem.asifabad.rtc.cross.roads.branch@bankofbaroda.com,19.391442,79.277093,Yes,No,Yes,"Monday to Friday (9:30 AM - 3:30 PM), Saturday (9:30 AM - 1:30 PM)"
BOB012,Bank of Baroda,Bhadradri Kothagudem Mandal Branch,Bhadradri Kothagudem,Telangana,BARB0015273,Bhavani Reddy,040-24278020,branch.bhadradri.kothagudem.mandal.branch@bankofbaroda.com,17.583223,80.61581,Yes,Yes,Yes,"Monday to Friday (10:00 AM - 4:00 PM), Saturday (10:00 AM - 2:00 PM)"
BOB013,Bank of Baroda,Mancherial Agri Business Branch,Mancherial,Telangana,BARB0723516,Rekha Naik,040-20059271,branch.mancherial.agri.business.branch@bankofbaroda.com,18.916402,79.485573,Yes,Yes,Yes,"Monday to Friday (9:30 AM - 3:30 PM), Saturday (9:30 AM - 1:30 PM)"
BOB014,Bank of Baroda,Peddapalli RTC Cross Roads Branch,Peddapalli,Telangana,BARB0409061,Anitha Prasad,040-23871844,branch.peddapalli.rtc.cross.roads.branch@bankofbaroda.com,18.661055,79.415973,Yes,No,No,"Monday to Friday (10:00 AM - 4:00 PM), Saturday (10:00 AM - 2:00 PM)"
BOB015,Bank of Baroda,Jagtial Town Branch,Jagtial,Telangana,BARB0713925,Venkatesh Rao,040-25772441,branch.jagtial.town.branch@bankofbaroda.com,18.74968,78.90918,Yes,Yes,Yes,"Monday to Saturday (10:00 AM - 4:00 PM), except 2nd & 4th Saturday"
BOB016,Bank of Baroda,Peddapalli RTC Cross Roads Branch (2),Peddapalli,Telangana,BARB0842007,Sandhya Verma,040-22816615,branch.peddapalli.rtc.cross.roads.branch.(2)@bankofbaroda.com,18.570471,79.337471,Yes,Yes,Yes,"Monday to Saturday (10:00 AM - 4:00 PM), except 2nd & 4th Saturday"
BOB017,Bank of Baroda,Medak Market Road Branch,Medak,Telangana,BARB0177701,Sunil Naik,040-29718015,branch.medak.market.road.branch@bankofbaroda.com,18.036604,78.267763,Yes,Yes,No,"Monday to Saturday (10:00 AM - 4:00 PM), except 2nd & 4th Saturday"
BOB018,Bank of Baroda,Warangal Urban Mandal Branch,Warangal Urban,Telangana,BARB0152008,Suresh Goud,040-24825268,branch.warangal.urban.mandal.branch@bankofbaroda.com,17.922194,79.642806,Yes,Yes,Yes,"Monday to Saturday (10:00 AM - 4:00 PM), except 2nd & 4th Saturday"
BOB019,Bank of Baroda,Mulugu Town Branch,Mulugu,Telangana,BARB0864937,Anjali Rao,040-29392176,branch.mulugu.town.branch@bankofbaroda.com,18.15304,79.976433,Yes,Yes,No,"Monday to Friday (9:30 AM - 3:30 PM), Saturday (9:30 AM - 1:30 PM)"
BOB020,Bank of Baroda,Jogulamba Gadwal Extension Counter,Jogulamba Gadwal,Telangana,BARB0878849,Deepika Patel,040-23903782,branch.jogulamba.gadwal.extension.counter@bankofbaroda.com,16.232962,77.791984,Yes,Yes,Yes,"Monday to Friday (9:30 AM - 3:30 PM), Saturday (9:30 AM - 1:30 PM)"
BOB021,Bank of Baroda,Medak Bus Stand Branch (2),Medak,Telangana,BARB0467996,Kavitha Patel,040-24720822,branch.medak.bus.stand.branch.(2)@bankofbaroda.com,18.040533,78.304385,Yes,No,No,"Monday to Saturday (10:00 AM - 5:00 PM), Sunday Closed"
BOB022,Bank of Baroda,Kumuram Bheem Asifabad Circle Office Branch,Kumuram Bheem Asifabad,Telangana,BARB0737632,Kiran Reddy,040-22931616,branch.kumuram.bheem.asifabad.circle.office.branch@bankofbaroda.com,19.39009,79.257623,Yes,Yes,No,"Monday to Saturday (10:00 AM - 5:00 PM), Sunday Closed"
UBI001,Union Bank of India,Adilabad Town Branch,Adilabad,Telangana,UBIN0371692,Anitha Naik,040-25217462,branch.adilabad.town.branch@unionbankofindia.co.in,19.633694,78.528312,Yes,Yes,Yes,"Monday to Saturday (10:00 AM - 4:00 PM), except 2nd & 4th Saturday"
UBI002,Union Bank of India,Warangal Rural Circle Office Branch,Warangal Rural,Telangana,UBIN0331546,Pooja Reddy Gari,040-23949390,branch.warangal.rural.circle.office.branch@unionbankofindia.co.in,17.995567,79.413054,Yes,Yes,No,"Monday to Saturday (10:00 AM - 5:00 PM), Sunday Closed"
UBI003,Union Bank of India,Khammam Market Road Branch,Khammam,Telangana,UBIN0503819,Meena Rao,040-23065342,branch.khammam.market.road.branch@unionbankofindia.co.in,17.271806,80.11378,Yes,Yes,Yes,"Monday to Friday (10:00 AM - 4:00 PM), Saturday (10:00 AM - 2:00 PM)"
UBI004,Union Bank of India,Suryapet RTC Cross Roads Branch,Suryapet,Telangana,UBIN0084239,Meena Naidu,040-23504301,branch.suryapet.rtc.cross.roads.branch@unionbankofindia.co.in,17.148897,79.663321,Yes,No,Yes,"Monday to Saturday (10:00 AM - 5:00 PM), Sunday Closed"
UBI005,Union Bank of India,Nizamabad RTC Cross Roads Branch,Nizamabad,Telangana,UBIN0780227,Rajesh Sharma,040-28707722,branch.nizamabad.rtc.cross.roads.branch@unionbankofindia.co.in,18.690333,78.089476,Yes,Yes,No,"Monday to Saturday (10:00 AM - 5:00 PM), Sunday Closed"
UBI006,Union Bank of India,Kamareddy Mandal Branch,Kamareddy,Telangana,UBIN0787164,Kavitha Patel,040-28587457,branch.kamareddy.mandal.branch@unionbankofindia.co.in,18.323427,78.386983,Yes,Yes,Yes,"Monday to Friday (10:00 AM - 4:00 PM), Saturday (10:00 AM - 2:00 PM)"
UBI007,Union Bank of India,Khammam Circle Office Branch,Khammam,Telangana,UBIN0131447,Mahesh Prasad,040-27032860,branch.khammam.circle.office.branch@unionbankofindia.co.in,17.214438,80.12495,Yes,Yes,Yes,"Monday to Saturday (10:00 AM - 5:00 PM), Sunday Closed"
UBI008,Union Bank of India,Mahbubnagar Extension Counter,Mahbubnagar,Telangana,UBIN0054789,Lakshmi Prasad,040-23318276,branch.mahbubnagar.extension.counter@unionbankofindia.co.in,16.714579,77.983225,Yes,No,Yes,"Monday to Saturday (10:00 AM - 4:00 PM), except 2nd & 4th Saturday"
UBI009,Union Bank of India,Warangal Rural Extension Counter,Warangal Rural,Telangana,UBIN0893058,Krishna Goud,040-25760817,branch.warangal.rural.extension.counter@unionbankofindia.co.in,17.991416,79.456834,Yes,Yes,No,"Monday to Friday (9:30 AM - 3:30 PM), Saturday (9:30 AM - 1:30 PM)"
UBI010,Union Bank of India,Warangal Rural Town Branch,Warangal Rural,Telangana,UBIN0767121,Meena Yadav,040-29601553,branch.warangal.rural.town.branch@unionbankofindia.co.in,17.950602,79.459314,Yes,Yes,Yes,"Monday to Saturday (10:00 AM - 4:00 PM), except 2nd & 4th Saturday"
UBI011,Union Bank of India,Khammam Main Branch,Khammam,Telangana,UBIN0547118,Krishna Sharma,040-20295334,branch.khammam.main.branch@unionbankofindia.co.in,17.218805,80.163644,No,Yes,No,"Monday to Saturday (10:00 AM - 4:00 PM), except 2nd & 4th Saturday"
UBI012,Union Bank of India,Nizamabad Town Branch,Nizamabad,Telangana,UBIN0145787,Prasad Patel,040-28608672,branch.nizamabad.town.branch@unionbankofindia.co.in,18.684682,78.071317,Yes,Yes,Yes,"Monday to Saturday (10:00 AM - 4:00 PM), except 2nd & 4th Saturday"
UBI013,Union Bank of India,Bhadradri Kothagudem Circle Office Branch,Bhadradri Kothagudem,Telangana,UBIN0107959,Bhavani Rao,040-27279292,branch.bhadradri.kothagudem.circle.office.branch@unionbankofindia.co.in,17.520108,80.570227,Yes,Yes,No,"Monday to Saturday (10:00 AM - 5:00 PM), Sunday Closed"
UBI014,Union Bank of India,Vikarabad Mandal Branch,Vikarabad,Telangana,UBIN0606446,Deepika Prasad,040-26185664,branch.vikarabad.mandal.branch@unionbankofindia.co.in,17.387254,77.914939,Yes,Yes,No,"Monday to Friday (10:00 AM - 4:00 PM), Saturday (10:00 AM - 2:00 PM)"
UBI015,Union Bank of India,Vikarabad Market Road Branch,Vikarabad,Telangana,UBIN0782853,Kavitha Naik,040-24772119,branch.vikarabad.market.road.branch@unionbankofindia.co.in,17.352122,77.865635,No,Yes,Yes,"Monday to Saturday (10:00 AM - 5:00 PM), Sunday Closed"
UBI016,Union Bank of India,Jagtial Rural Branch,Jagtial,Telangana,UBIN0858707,Vani Yadav,040-24283977,branch.jagtial.rural.branch@unionbankofindia.co.in,18.819859,78.891901,No,No,Yes,"Monday to Friday (10:00 AM - 4:00 PM), Saturday (10:00 AM - 2:00 PM)"
UBI017,Union Bank of India,Hyderabad Rural Branch,Hyderabad,Telangana,UBIN0722768,Anjali Goud,040-23511346,branch.hyderabad.rural.branch@unionbankofindia.co.in,17.34336,78.455114,Yes,No,No,"Monday to Friday (10:00 AM - 4:00 PM), Saturday (10:00 AM - 2:00 PM)"
UBI018,Union Bank of India,Wanaparthy Mandal Branch,Wanaparthy,Telangana,UBIN0151250,Kavitha Rathod,040-28466263,branch.wanaparthy.mandal.branch@unionbankofindia.co.in,16.399613,78.095724,No,Yes,Yes,"Monday to Friday (9:30 AM - 3:30 PM), Saturday (9:30 AM - 1:30 PM)"
UBI019,Union Bank of India,Warangal Urban Collectorate Road Branch,Warangal Urban,Telangana,UBIN0346268,Rajesh Verma,040-29882446,branch.warangal.urban.collectorate.road.branch@unionbankofindia.co.in,17.96622,79.63045,Yes,No,Yes,"Monday to Saturday (10:00 AM - 4:00 PM), except 2nd & 4th Saturday"
UBI020,Union Bank of India,Medchal-Malkajgiri RTC Cross Roads Branch,Medchal-Malkajgiri,Telangana,UBIN0925058,Swathi Naik,040-26368222,branch.medchal-malkajgiri.rtc.cross.roads.branch@unionbankofindia.co.in,17.593874,78.471116,Yes,Yes,Yes,"Monday to Saturday (10:00 AM - 5:00 PM), Sunday Closed"
UBI021,Union Bank of India,Jagtial Mandal Branch,Jagtial,Telangana,UBIN0710928,Sunil Verma,040-28916614,branch.jagtial.mandal.branch@unionbankofindia.co.in,18.792883,78.914411,Yes,Yes,Yes,"Monday to Saturday (10:00 AM - 5:00 PM), Sunday Closed"
UBI022,Union Bank of India,Mancherial Town Branch,Mancherial,Telangana,UBIN0260223,Sandhya Reddy Gari,040-26516295,branch.mancherial.town.branch@unionbankofindia.co.in,18.869188,79.433155,Yes,Yes,Yes,"Monday to Friday (9:30 AM - 3:30 PM), Saturday (9:30 AM - 1:30 PM)"
INDBK001,Indian Bank,Warangal Rural Extension Counter,Warangal Rural,Telangana,IDIB0537673,Suresh Chowdary,040-25326114,branch.warangal.rural.extension.counter@indianbank.co.in,17.935776,79.507458,Yes,Yes,Yes,"Monday to Friday (10:00 AM - 4:00 PM), Saturday (10:00 AM - 2:00 PM)"
INDBK002,Indian Bank,Mancherial RTC Cross Roads Branch,Mancherial,Telangana,IDIB0965399,Satish Verma,040-25512185,branch.mancherial.rtc.cross.roads.branch@indianbank.co.in,18.868462,79.430068,Yes,Yes,Yes,"Monday to Saturday (10:00 AM - 5:00 PM), Sunday Closed"
INDBK003,Indian Bank,Karimnagar Town Branch,Karimnagar,Telangana,IDIB0522836,Mahesh Goud,040-23634273,branch.karimnagar.town.branch@indianbank.co.in,18.391991,79.138592,Yes,No,Yes,"Monday to Saturday (10:00 AM - 5:00 PM), Sunday Closed"
INDBK004,Indian Bank,Siddipet Collectorate Road Branch,Siddipet,Telangana,IDIB0629471,Sunil Naik,040-22440135,branch.siddipet.collectorate.road.branch@indianbank.co.in,18.101808,78.847183,Yes,Yes,Yes,"Monday to Saturday (10:00 AM - 4:00 PM), except 2nd & 4th Saturday"
INDBK005,Indian Bank,Narayanpet Market Road Branch,Narayanpet,Telangana,IDIB0671157,Srinivas Reddy,040-24318822,branch.narayanpet.market.road.branch@indianbank.co.in,16.721401,77.535612,Yes,Yes,Yes,"Monday to Saturday (10:00 AM - 5:00 PM), Sunday Closed"
INDBK006,Indian Bank,Jogulamba Gadwal Town Branch,Jogulamba Gadwal,Telangana,IDIB0541248,Bhavani Reddy Gari,040-20884158,branch.jogulamba.gadwal.town.branch@indianbank.co.in,16.240641,77.841517,Yes,Yes,No,"Monday to Friday (9:30 AM - 3:30 PM), Saturday (9:30 AM - 1:30 PM)"
INDBK007,Indian Bank,Rangareddy Market Road Branch,Rangareddy,Telangana,IDIB0452732,Mahesh Reddy,040-25735586,branch.rangareddy.market.road.branch@indianbank.co.in,17.271101,78.509411,Yes,No,No,"Monday to Saturday (10:00 AM - 5:00 PM), Sunday Closed"
INDBK008,Indian Bank,Adilabad Bus Stand Branch,Adilabad,Telangana,IDIB0805002,Pooja Rao,040-25787912,branch.adilabad.bus.stand.branch@indianbank.co.in,19.686003,78.566459,Yes,Yes,No,"Monday to Friday (10:00 AM - 4:00 PM), Saturday (10:00 AM - 2:00 PM)"
INDBK009,Indian Bank,Peddapalli Rural Branch,Peddapalli,Telangana,IDIB0038430,Naveen Naik,040-24850331,branch.peddapalli.rural.branch@indianbank.co.in,18.646049,79.378756,No,Yes,Yes,"Monday to Friday (10:00 AM - 4:00 PM), Saturday (10:00 AM - 2:00 PM)"
INDBK010,Indian Bank,Peddapalli Extension Counter,Peddapalli,Telangana,IDIB0907145,Divya Chowdary,040-21771967,branch.peddapalli.extension.counter@indianbank.co.in,18.593743,79.377396,Yes,Yes,No,"Monday to Saturday (10:00 AM - 4:00 PM), except 2nd & 4th Saturday"
INDBK011,Indian Bank,Siddipet Agri Business Branch,Siddipet,Telangana,IDIB0720300,Padma Kumar,040-28545448,branch.siddipet.agri.business.branch@indianbank.co.in,18.067301,78.815596,Yes,No,Yes,"Monday to Saturday (10:00 AM - 5:00 PM), Sunday Closed"
INDBK012,Indian Bank,Bhadradri Kothagudem Collectorate Road Branch,Bhadradri Kothagudem,Telangana,IDIB0568627,Rajesh Sharma,040-28138505,branch.bhadradri.kothagudem.collectorate.road.branch@indianbank.co.in,17.573699,80.602176,No,Yes,Yes,"Monday to Friday (10:00 AM - 4:00 PM), Saturday (10:00 AM - 2:00 PM)"
INDBK013,Indian Bank,Vikarabad Circle Office Branch,Vikarabad,Telangana,IDIB0469344,Mahesh Naidu,040-29894777,branch.vikarabad.circle.office.branch@indianbank.co.in,17.294535,77.876575,Yes,No,No,"Monday to Saturday (10:00 AM - 4:00 PM), except 2nd & 4th Saturday"
INDBK014,Indian Bank,Mahbubnagar RTC Cross Roads Branch,Mahbubnagar,Telangana,IDIB0855781,Meena Yadav,040-22058353,branch.mahbubnagar.rtc.cross.roads.branch@indianbank.co.in,16.715769,78.007508,Yes,Yes,Yes,"Monday to Friday (9:30 AM - 3:30 PM), Saturday (9:30 AM - 1:30 PM)"
INDBK015,Indian Bank,Kamareddy Collectorate Road Branch,Kamareddy,Telangana,IDIB0095019,Sunil Goud,040-29751773,branch.kamareddy.collectorate.road.branch@indianbank.co.in,18.358158,78.323606,Yes,Yes,No,"Monday to Friday (9:30 AM - 3:30 PM), Saturday (9:30 AM - 1:30 PM)"
INDBK016,Indian Bank,Mancherial Bus Stand Branch,Mancherial,Telangana,IDIB0747336,Divya Goud,040-23518396,branch.mancherial.bus.stand.branch@indianbank.co.in,18.878934,79.433916,Yes,Yes,No,"Monday to Friday (9:30 AM - 3:30 PM), Saturday (9:30 AM - 1:30 PM)"
INDBK017,Indian Bank,Mahabubabad RTC Cross Roads Branch,Mahabubabad,Telangana,IDIB0744664,Swathi Naidu,040-28999372,branch.mahabubabad.rtc.cross.roads.branch@indianbank.co.in,17.551113,79.995202,Yes,Yes,No,"Monday to Friday (9:30 AM - 3:30 PM), Saturday (9:30 AM - 1:30 PM)"
INDBK018,Indian Bank,Kumuram Bheem Asifabad Town Branch,Kumuram Bheem Asifabad,Telangana,IDIB0352924,Suresh Reddy,040-21376345,branch.kumuram.bheem.asifabad.town.branch@indianbank.co.in,19.401419,79.260479,Yes,Yes,Yes,"Monday to Saturday (10:00 AM - 5:00 PM), Sunday Closed"
INDBK019,Indian Bank,Vikarabad Town Branch,Vikarabad,Telangana,IDIB0861537,Anjali Naik,040-24191215,branch.vikarabad.town.branch@indianbank.co.in,17.306026,77.907746,Yes,No,Yes,"Monday to Friday (9:30 AM - 3:30 PM), Saturday (9:30 AM - 1:30 PM)"
INDBK020,Indian Bank,Jogulamba Gadwal Rural Branch,Jogulamba Gadwal,Telangana,IDIB0479086,Vijay Patel,040-24376506,branch.jogulamba.gadwal.rural.branch@indianbank.co.in,16.224242,77.80082,Yes,No,No,"Monday to Saturday (10:00 AM - 4:00 PM), except 2nd & 4th Saturday"
INDBK021,Indian Bank,Suryapet Circle Office Branch,Suryapet,Telangana,IDIB0145869,Swathi Naidu,040-29713304,branch.suryapet.circle.office.branch@indianbank.co.in,17.163212,79.638146,Yes,Yes,No,"Monday to Friday (9:30 AM - 3:30 PM), Saturday (9:30 AM - 1:30 PM)"
INDBK022,Indian Bank,Nizamabad RTC Cross Roads Branch,Nizamabad,Telangana,IDIB0375504,Venkatesh Sharma,040-22923127,branch.nizamabad.rtc.cross.roads.branch@indianbank.co.in,18.666456,78.073538,Yes,Yes,Yes,"Monday to Saturday (10:00 AM - 5:00 PM), Sunday Closed"
ICICI001,ICICI Bank,Siddipet Agri Business Branch,Siddipet,Telangana,ICIC0609800,Anil Verma,040-22011594,branch.siddipet.agri.business.branch@icicibank.com,18.120377,78.872254,Yes,Yes,No,"Monday to Saturday (10:00 AM - 4:00 PM), except 2nd & 4th Saturday"
ICICI002,ICICI Bank,Hyderabad Main Branch,Hyderabad,Telangana,ICIC0152702,Sandhya Chowdary,040-28519541,branch.hyderabad.main.branch@icicibank.com,17.39043,78.502423,Yes,No,Yes,"Monday to Saturday (10:00 AM - 4:00 PM), except 2nd & 4th Saturday"
ICICI003,ICICI Bank,Mahbubnagar Main Branch,Mahbubnagar,Telangana,ICIC0384828,Naveen Sharma,040-21927295,branch.mahbubnagar.main.branch@icicibank.com,16.778718,78.023594,Yes,Yes,No,"Monday to Saturday (10:00 AM - 5:00 PM), Sunday Closed"
ICICI004,ICICI Bank,Jogulamba Gadwal Gandhi Chowk Branch,Jogulamba Gadwal,Telangana,ICIC0198501,Naveen Sharma,040-26439377,branch.jogulamba.gadwal.gandhi.chowk.branch@icicibank.com,16.275284,77.844933,Yes,Yes,Yes,"Monday to Friday (10:00 AM - 4:00 PM), Saturday (10:00 AM - 2:00 PM)"
ICICI005,ICICI Bank,Jagtial Circle Office Branch,Jagtial,Telangana,ICIC0919963,Padma Rathod,040-25950477,branch.jagtial.circle.office.branch@icicibank.com,18.774464,78.86116,Yes,No,Yes,"Monday to Friday (9:30 AM - 3:30 PM), Saturday (9:30 AM - 1:30 PM)"
ICICI006,ICICI Bank,Jogulamba Gadwal Mandal Branch,Jogulamba Gadwal,Telangana,ICIC0401471,Naveen Yadav,040-27323951,branch.jogulamba.gadwal.mandal.branch@icicibank.com,16.190576,77.774523,Yes,Yes,Yes,"Monday to Friday (10:00 AM - 4:00 PM), Saturday (10:00 AM - 2:00 PM)"
ICICI007,ICICI Bank,Nalgonda Mandal Branch,Nalgonda,Telangana,ICIC0896385,Rekha Sharma,040-22840209,branch.nalgonda.mandal.branch@icicibank.com,17.065861,79.317902,Yes,Yes,Yes,"Monday to Friday (10:00 AM - 4:00 PM), Saturday (10:00 AM - 2:00 PM)"
ICICI008,ICICI Bank,Kumuram Bheem Asifabad Main Branch,Kumuram Bheem Asifabad,Telangana,ICIC0070620,Rajesh Reddy,040-20876105,branch.kumuram.bheem.asifabad.main.branch@icicibank.com,19.371262,79.268019,Yes,No,Yes,"Monday to Saturday (10:00 AM - 5:00 PM), Sunday Closed"
ICICI009,ICICI Bank,Kumuram Bheem Asifabad Mandal Branch,Kumuram Bheem Asifabad,Telangana,ICIC0827210,Padma Verma,040-27588028,branch.kumuram.bheem.asifabad.mandal.branch@icicibank.com,19.32395,79.300362,Yes,Yes,Yes,"Monday to Saturday (10:00 AM - 5:00 PM), Sunday Closed"
ICICI010,ICICI Bank,Nagarkurnool Town Branch,Nagarkurnool,Telangana,ICIC0050996,Prasad Goud,040-20538430,branch.nagarkurnool.town.branch@icicibank.com,16.434279,78.298033,Yes,Yes,Yes,"Monday to Saturday (10:00 AM - 4:00 PM), except 2nd & 4th Saturday"
ICICI011,ICICI Bank,Warangal Urban Collectorate Road Branch,Warangal Urban,Telangana,ICIC0291544,Deepika Prasad,040-22026686,branch.warangal.urban.collectorate.road.branch@icicibank.com,17.983041,79.610292,Yes,No,Yes,"Monday to Saturday (10:00 AM - 4:00 PM), except 2nd & 4th Saturday"
ICICI012,ICICI Bank,Nizamabad Main Branch,Nizamabad,Telangana,ICIC0468526,Bhavani Prasad,040-29168703,branch.nizamabad.main.branch@icicibank.com,18.658338,78.104624,Yes,Yes,Yes,"Monday to Friday (9:30 AM - 3:30 PM), Saturday (9:30 AM - 1:30 PM)"
ICICI013,ICICI Bank,Nirmal Mandal Branch,Nirmal,Telangana,ICIC0410755,Venkatesh Naik,040-25865313,branch.nirmal.mandal.branch@icicibank.com,19.127003,78.368544,No,Yes,Yes,"Monday to Saturday (10:00 AM - 5:00 PM), Sunday Closed"
ICICI014,ICICI Bank,Sangareddy Extension Counter,Sangareddy,Telangana,ICIC0974641,Anil Chowdary,040-21927684,branch.sangareddy.extension.counter@icicibank.com,17.653649,78.042719,Yes,Yes,No,"Monday to Friday (10:00 AM - 4:00 PM), Saturday (10:00 AM - 2:00 PM)"
ICICI015,ICICI Bank,Karimnagar RTC Cross Roads Branch,Karimnagar,Telangana,ICIC0299895,Anitha Patel,040-26276138,branch.karimnagar.rtc.cross.roads.branch@icicibank.com,18.481277,79.09413,Yes,Yes,No,"Monday to Friday (9:30 AM - 3:30 PM), Saturday (9:30 AM - 1:30 PM)"
ICICI016,ICICI Bank,Nalgonda Bus Stand Branch,Nalgonda,Telangana,ICIC0965184,Ravinder Yadav,040-28477727,branch.nalgonda.bus.stand.branch@icicibank.com,17.102226,79.28727,No,Yes,Yes,"Monday to Friday (9:30 AM - 3:30 PM), Saturday (9:30 AM - 1:30 PM)"
ICICI017,ICICI Bank,Warangal Urban Circle Office Branch,Warangal Urban,Telangana,ICIC0710000,Rekha Goud,040-28993520,branch.warangal.urban.circle.office.branch@icicibank.com,17.989524,79.546775,Yes,Yes,Yes,"Monday to Friday (9:30 AM - 3:30 PM), Saturday (9:30 AM - 1:30 PM)"
ICICI018,ICICI Bank,Peddapalli Extension Counter,Peddapalli,Telangana,ICIC0720125,Padma Naidu,040-25874244,branch.peddapalli.extension.counter@icicibank.com,18.608553,79.365451,Yes,Yes,Yes,"Monday to Saturday (10:00 AM - 4:00 PM), except 2nd & 4th Saturday"
ICICI019,ICICI Bank,Nirmal Mandal Branch (2),Nirmal,Telangana,ICIC0969186,Mahesh Verma,040-20318741,branch.nirmal.mandal.branch.(2)@icicibank.com,19.106577,78.354484,Yes,Yes,Yes,"Monday to Friday (10:00 AM - 4:00 PM), Saturday (10:00 AM - 2:00 PM)"
ICICI020,ICICI Bank,Nagarkurnool Circle Office Branch,Nagarkurnool,Telangana,ICIC0333577,Ramesh Kumar,040-23461221,branch.nagarkurnool.circle.office.branch@icicibank.com,16.445608,78.290244,Yes,Yes,Yes,"Monday to Saturday (10:00 AM - 4:00 PM), except 2nd & 4th Saturday"
ICICI021,ICICI Bank,Jayashankar Bhupalpally Collectorate Road Branch,Jayashankar Bhupalpally,Telangana,ICIC0972062,Venkatesh Yadav,040-25811430,branch.jayashankar.bhupalpally.collectorate.road.branch@icicibank.com,18.425104,79.932729,Yes,Yes,Yes,"Monday to Saturday (10:00 AM - 4:00 PM), except 2nd & 4th Saturday"
ICICI022,ICICI Bank,Kamareddy Market Road Branch,Kamareddy,Telangana,ICIC0829449,Ramesh Naik,040-24768858,branch.kamareddy.market.road.branch@icicibank.com,18.338614,78.384526,Yes,No,No,"Monday to Friday (9:30 AM - 3:30 PM), Saturday (9:30 AM - 1:30 PM)"
HDFC001,HDFC Bank,Nalgonda Agri Business Branch,Nalgonda,Telangana,HDFC0023867,Pooja Yadav,040-27498021,branch.nalgonda.agri.business.branch@hdfcbank.com,17.016205,79.236147,Yes,No,Yes,"Monday to Saturday (10:00 AM - 4:00 PM), except 2nd & 4th Saturday"
HDFC002,HDFC Bank,Kamareddy RTC Cross Roads Branch,Kamareddy,Telangana,HDFC0882963,Sandhya Rao,040-22226408,branch.kamareddy.rtc.cross.roads.branch@hdfcbank.com,18.313693,78.331898,Yes,No,Yes,"Monday to Friday (9:30 AM - 3:30 PM), Saturday (9:30 AM - 1:30 PM)"
HDFC003,HDFC Bank,Jangaon Gandhi Chowk Branch,Jangaon,Telangana,HDFC0360865,Deepika Reddy,040-25765705,branch.jangaon.gandhi.chowk.branch@hdfcbank.com,17.745683,79.191997,Yes,Yes,Yes,"Monday to Friday (10:00 AM - 4:00 PM), Saturday (10:00 AM - 2:00 PM)"
HDFC004,HDFC Bank,Nizamabad Gandhi Chowk Branch,Nizamabad,Telangana,HDFC0431441,Anitha Verma,040-27895235,branch.nizamabad.gandhi.chowk.branch@hdfcbank.com,18.649351,78.10408,No,Yes,No,"Monday to Friday (9:30 AM - 3:30 PM), Saturday (9:30 AM - 1:30 PM)"
HDFC005,HDFC Bank,Kamareddy Town Branch,Kamareddy,Telangana,HDFC0223390,Vijay Yadav,040-27488012,branch.kamareddy.town.branch@hdfcbank.com,18.3462,78.298945,No,No,No,"Monday to Friday (9:30 AM - 3:30 PM), Saturday (9:30 AM - 1:30 PM)"
HDFC006,HDFC Bank,Jogulamba Gadwal Rural Branch,Jogulamba Gadwal,Telangana,HDFC0867949,Prasad Reddy,040-25073252,branch.jogulamba.gadwal.rural.branch@hdfcbank.com,16.185667,77.854421,Yes,No,No,"Monday to Saturday (10:00 AM - 5:00 PM), Sunday Closed"
HDFC007,HDFC Bank,Kamareddy Agri Business Branch,Kamareddy,Telangana,HDFC0015394,Anitha Patel,040-25203117,branch.kamareddy.agri.business.branch@hdfcbank.com,18.315651,78.320099,No,Yes,Yes,"Monday to Saturday (10:00 AM - 4:00 PM), except 2nd & 4th Saturday"
HDFC008,HDFC Bank,Khammam Mandal Branch,Khammam,Telangana,HDFC0066876,Naveen Verma,040-27341062,branch.khammam.mandal.branch@hdfcbank.com,17.28259,80.142797,Yes,Yes,Yes,"Monday to Saturday (10:00 AM - 5:00 PM), Sunday Closed"
HDFC009,HDFC Bank,Kumuram Bheem Asifabad Main Branch,Kumuram Bheem Asifabad,Telangana,HDFC0964902,Vani Naik,040-29513580,branch.kumuram.bheem.asifabad.main.branch@hdfcbank.com,19.330207,79.240709,Yes,No,Yes,"Monday to Friday (10:00 AM - 4:00 PM), Saturday (10:00 AM - 2:00 PM)"
HDFC010,HDFC Bank,Siddipet RTC Cross Roads Branch,Siddipet,Telangana,HDFC0069857,Suresh Rathod,040-24403390,branch.siddipet.rtc.cross.roads.branch@hdfcbank.com,18.131673,78.809266,No,No,Yes,"Monday to Friday (9:30 AM - 3:30 PM), Saturday (9:30 AM - 1:30 PM)"
HDFC011,HDFC Bank,Kumuram Bheem Asifabad Extension Counter,Kumuram Bheem Asifabad,Telangana,HDFC0882360,Vijay Sharma,040-23566219,branch.kumuram.bheem.asifabad.extension.counter@hdfcbank.com,19.357059,79.281904,Yes,Yes,Yes,"Monday to Friday (10:00 AM - 4:00 PM), Saturday (10:00 AM - 2:00 PM)"
HDFC012,HDFC Bank,Medak Town Branch,Medak,Telangana,HDFC0261717,Suresh Yadav,040-20145559,branch.medak.town.branch@hdfcbank.com,18.084359,78.267059,Yes,Yes,No,"Monday to Friday (10:00 AM - 4:00 PM), Saturday (10:00 AM - 2:00 PM)"
HDFC013,HDFC Bank,Mahbubnagar Agri Business Branch,Mahbubnagar,Telangana,HDFC0867113,Sandhya Goud,040-23646640,branch.mahbubnagar.agri.business.branch@hdfcbank.com,16.701271,78.035213,Yes,Yes,No,"Monday to Friday (10:00 AM - 4:00 PM), Saturday (10:00 AM - 2:00 PM)"
HDFC014,HDFC Bank,Nagarkurnool Collectorate Road Branch,Nagarkurnool,Telangana,HDFC0032607,Venkatesh Patel,040-28420676,branch.nagarkurnool.collectorate.road.branch@hdfcbank.com,16.46045,78.354961,Yes,No,Yes,"Monday to Saturday (10:00 AM - 4:00 PM), except 2nd & 4th Saturday"
HDFC015,HDFC Bank,Hyderabad Main Branch,Hyderabad,Telangana,HDFC0702085,Kavitha Rao,040-27058885,branch.hyderabad.main.branch@hdfcbank.com,17.343303,78.519511,Yes,Yes,No,"Monday to Friday (10:00 AM - 4:00 PM), Saturday (10:00 AM - 2:00 PM)"
HDFC016,HDFC Bank,Warangal Rural Main Branch,Warangal Rural,Telangana,HDFC0485221,Padma Rathod,040-28157247,branch.warangal.rural.main.branch@hdfcbank.com,17.97639,79.438546,No,No,Yes,"Monday to Friday (9:30 AM - 3:30 PM), Saturday (9:30 AM - 1:30 PM)"
HDFC017,HDFC Bank,Wanaparthy Main Branch,Wanaparthy,Telangana,HDFC0310030,Mahesh Naidu,040-22958849,branch.wanaparthy.main.branch@hdfcbank.com,16.329395,78.067487,No,No,Yes,"Monday to Saturday (10:00 AM - 5:00 PM), Sunday Closed"
HDFC018,HDFC Bank,Sangareddy Gandhi Chowk Branch,Sangareddy,Telangana,HDFC0854405,Satish Rao,040-29528031,branch.sangareddy.gandhi.chowk.branch@hdfcbank.com,17.626114,78.128994,Yes,Yes,No,"Monday to Saturday (10:00 AM - 4:00 PM), except 2nd & 4th Saturday"
HDFC019,HDFC Bank,Vikarabad Collectorate Road Branch,Vikarabad,Telangana,HDFC0779649,Venkatesh Rao,040-20062622,branch.vikarabad.collectorate.road.branch@hdfcbank.com,17.32233,77.896898,Yes,Yes,Yes,"Monday to Saturday (10:00 AM - 4:00 PM), except 2nd & 4th Saturday"
HDFC020,HDFC Bank,Yadadri Bhuvanagiri Circle Office Branch,Yadadri Bhuvanagiri,Telangana,HDFC0384761,Vijay Sharma,040-29720398,branch.yadadri.bhuvanagiri.circle.office.branch@hdfcbank.com,17.570344,79.07406,Yes,No,Yes,"Monday to Friday (10:00 AM - 4:00 PM), Saturday (10:00 AM - 2:00 PM)"
HDFC021,HDFC Bank,Kumuram Bheem Asifabad Gandhi Chowk Branch,Kumuram Bheem Asifabad,Telangana,HDFC0361460,Kavitha Chowdary,040-29227185,branch.kumuram.bheem.asifabad.gandhi.chowk.branch@hdfcbank.com,19.376758,79.296359,Yes,Yes,No,"Monday to Saturday (10:00 AM - 5:00 PM), Sunday Closed"
HDFC022,HDFC Bank,Mahbubnagar RTC Cross Roads Branch,Mahbubnagar,Telangana,HDFC0518740,Deepika Sharma,040-26995589,branch.mahbubnagar.rtc.cross.roads.branch@hdfcbank.com,16.724852,78.027708,No,Yes,No,"Monday to Friday (9:30 AM - 3:30 PM), Saturday (9:30 AM - 1:30 PM)"
AXIS001,Axis Bank,Sangareddy Market Road Branch,Sangareddy,Telangana,UTIB0203769,Sunil Goud,040-28994518,branch.sangareddy.market.road.branch@axisbank.com,17.661994,78.108234,Yes,Yes,Yes,"Monday to Saturday (10:00 AM - 4:00 PM), except 2nd & 4th Saturday"
AXIS002,Axis Bank,Nagarkurnool Market Road Branch,Nagarkurnool,Telangana,UTIB0584280,Krishna Sharma,040-21800095,branch.nagarkurnool.market.road.branch@axisbank.com,16.479274,78.28371,Yes,Yes,No,"Monday to Saturday (10:00 AM - 5:00 PM), Sunday Closed"
AXIS003,Axis Bank,Jangaon Collectorate Road Branch,Jangaon,Telangana,UTIB0458767,Mahesh Prasad,040-28159525,branch.jangaon.collectorate.road.branch@axisbank.com,17.740332,79.205354,Yes,Yes,Yes,"Monday to Saturday (10:00 AM - 4:00 PM), except 2nd & 4th Saturday"
AXIS004,Axis Bank,Medchal-Malkajgiri Agri Business Branch,Medchal-Malkajgiri,Telangana,UTIB0249546,Ramesh Reddy Gari,040-23544442,branch.medchal-malkajgiri.agri.business.branch@axisbank.com,17.612368,78.450086,Yes,Yes,No,"Monday to Friday (9:30 AM - 3:30 PM), Saturday (9:30 AM - 1:30 PM)"
AXIS005,Axis Bank,Warangal Urban Extension Counter,Warangal Urban,Telangana,UTIB0930633,Mahesh Goud,040-22089741,branch.warangal.urban.extension.counter@axisbank.com,18.01636,79.588403,Yes,No,No,"Monday to Friday (9:30 AM - 3:30 PM), Saturday (9:30 AM - 1:30 PM)"
AXIS006,Axis Bank,Nirmal Agri Business Branch,Nirmal,Telangana,UTIB0236016,Suresh Sharma,040-25276988,branch.nirmal.agri.business.branch@axisbank.com,19.075187,78.294169,Yes,Yes,Yes,"Monday to Friday (9:30 AM - 3:30 PM), Saturday (9:30 AM - 1:30 PM)"
AXIS007,Axis Bank,Bhadradri Kothagudem Market Road Branch,Bhadradri Kothagudem,Telangana,UTIB0583102,Anitha Rao,040-26485396,branch.bhadradri.kothagudem.market.road.branch@axisbank.com,17.522113,80.579646,Yes,Yes,No,"Monday to Friday (10:00 AM - 4:00 PM), Saturday (10:00 AM - 2:00 PM)"
AXIS008,Axis Bank,Jogulamba Gadwal Circle Office Branch,Jogulamba Gadwal,Telangana,UTIB0799515,Ravinder Chowdary,040-24742404,branch.jogulamba.gadwal.circle.office.branch@axisbank.com,16.233454,77.77083,Yes,Yes,No,"Monday to Saturday (10:00 AM - 5:00 PM), Sunday Closed"
AXIS009,Axis Bank,Hyderabad Bus Stand Branch,Hyderabad,Telangana,UTIB0106689,Srinivas Yadav,040-28893369,branch.hyderabad.bus.stand.branch@axisbank.com,17.378486,78.530747,Yes,Yes,Yes,"Monday to Saturday (10:00 AM - 4:00 PM), except 2nd & 4th Saturday"
AXIS010,Axis Bank,Adilabad Mandal Branch,Adilabad,Telangana,UTIB0687016,Pooja Naik,040-22878919,branch.adilabad.mandal.branch@axisbank.com,19.649416,78.567775,Yes,No,No,"Monday to Saturday (10:00 AM - 5:00 PM), Sunday Closed"
AXIS011,Axis Bank,Rangareddy RTC Cross Roads Branch,Rangareddy,Telangana,UTIB0260808,Padma Verma,040-21765039,branch.rangareddy.rtc.cross.roads.branch@axisbank.com,17.316734,78.461875,No,Yes,No,"Monday to Saturday (10:00 AM - 5:00 PM), Sunday Closed"
AXIS012,Axis Bank,Mancherial Mandal Branch,Mancherial,Telangana,UTIB0426522,Kiran Rathod,040-29167407,branch.mancherial.mandal.branch@axisbank.com,18.899926,79.509279,No,Yes,No,"Monday to Saturday (10:00 AM - 4:00 PM), except 2nd & 4th Saturday"
AXIS013,Axis Bank,Nagarkurnool Market Road Branch (2),Nagarkurnool,Telangana,UTIB0121950,Mahesh Prasad,040-23540337,branch.nagarkurnool.market.road.branch.(2)@axisbank.com,16.481299,78.351186,Yes,No,Yes,"Monday to Friday (9:30 AM - 3:30 PM), Saturday (9:30 AM - 1:30 PM)"
AXIS014,Axis Bank,Narayanpet Agri Business Branch,Narayanpet,Telangana,UTIB0476854,Srinivas Reddy Gari,040-28347021,branch.narayanpet.agri.business.branch@axisbank.com,16.701192,77.499683,Yes,Yes,Yes,"Monday to Friday (9:30 AM - 3:30 PM), Saturday (9:30 AM - 1:30 PM)"
AXIS015,Axis Bank,Nagarkurnool Town Branch,Nagarkurnool,Telangana,UTIB0931725,Vani Yadav,040-28973958,branch.nagarkurnool.town.branch@axisbank.com,16.490902,78.348013,Yes,Yes,Yes,"Monday to Friday (9:30 AM - 3:30 PM), Saturday (9:30 AM - 1:30 PM)"
AXIS016,Axis Bank,Nirmal RTC Cross Roads Branch,Nirmal,Telangana,UTIB0579554,Kavitha Prasad,040-26931258,branch.nirmal.rtc.cross.roads.branch@axisbank.com,19.119554,78.348616,Yes,Yes,No,"Monday to Friday (10:00 AM - 4:00 PM), Saturday (10:00 AM - 2:00 PM)"
AXIS017,Axis Bank,Mulugu Main Branch,Mulugu,Telangana,UTIB0874734,Ramesh Rathod,040-21739867,branch.mulugu.main.branch@axisbank.com,18.202869,79.955818,Yes,Yes,No,"Monday to Saturday (10:00 AM - 5:00 PM), Sunday Closed"
AXIS018,Axis Bank,Jangaon Town Branch,Jangaon,Telangana,UTIB0110443,Lakshmi Yadav,040-29055903,branch.jangaon.town.branch@axisbank.com,17.740721,79.137601,Yes,No,No,"Monday to Friday (9:30 AM - 3:30 PM), Saturday (9:30 AM - 1:30 PM)"
AXIS019,Axis Bank,Vikarabad Extension Counter,Vikarabad,Telangana,UTIB0437469,Krishna Sharma,040-20674346,branch.vikarabad.extension.counter@axisbank.com,17.32686,77.879179,Yes,No,Yes,"Monday to Saturday (10:00 AM - 5:00 PM), Sunday Closed"
AXIS020,Axis Bank,Jogulamba Gadwal Collectorate Road Branch,Jogulamba Gadwal,Telangana,UTIB0491517,Satish Prasad,040-29139470,branch.jogulamba.gadwal.collectorate.road.branch@axisbank.com,16.241303,77.849321,Yes,Yes,Yes,"Monday to Friday (10:00 AM - 4:00 PM), Saturday (10:00 AM - 2:00 PM)"
AXIS021,Axis Bank,Medchal-Malkajgiri Rural Branch,Medchal-Malkajgiri,Telangana,UTIB0557503,Padma Prasad,040-29602369,branch.medchal-malkajgiri.rural.branch@axisbank.com,17.677631,78.447009,Yes,Yes,Yes,"Monday to Saturday (10:00 AM - 4:00 PM), except 2nd & 4th Saturday"
AXIS022,Axis Bank,Jangaon Town Branch (2),Jangaon,Telangana,UTIB0859431,Swathi Rao,040-29783318,branch.jangaon.town.branch.(2)@axisbank.com,17.751308,79.14531,Yes,Yes,No,"Monday to Friday (9:30 AM - 3:30 PM), Saturday (9:30 AM - 1:30 PM)"
