rule_id,rule_name,crop,state,soil_type,farmer_category,land_min,land_max,income_limit,aadhaar_required,recommended_scheme,recommended_loan,recommended_insurance,priority
RULE0001,Irrigation-Linked Scheme Match for Cotton on Red Soil,Cotton,All India,Red Soil,FPO Member Farmer,0.05,10.9,,Yes,Telangana Farm Mechanization Scheme,Warehouse Receipt / Post-Harvest Loan,Horticulture Crop Insurance Scheme,9.3
RULE0002,Subsidy & Credit Pathway for Women Farmer in Andhra Pradesh,Chilli,Andhra Pradesh,Loamy Soil,Women Farmer,0.58,3.91,500000,Yes,Telangana Horticulture Mission,Horticulture & Plantation Loan,Pradhan Mantri Fasal Bima Yojana (PMFBY) - Yield-Based Cover,5.0
RULE0003,Insurance Recommendation for Grapes under Black Soil (Regur) Conditions,Grapes,Telangana,Black Soil (Regur),Small Farmer,1.06,2.91,150000,No,Telangana Micro Irrigation Project Subsidy,Farmer Producer Organisation (FPO) Term Loan,Horticulture Crop Insurance Scheme,7.3
RULE0004,Subsidy & Credit Pathway for Sharecropper in All India,Cotton,All India,Loamy Soil,Sharecropper,0.91,2.64,250000,Yes,National Mission on Natural Farming (NMNF),Kisan Credit Card (KCC),Livestock Insurance Scheme,9.5
RULE0005,Small Holding Advisory Rule for FPO Member Farmer Growing Horticulture Crops,Horticulture Crops,Maharashtra,Saline / Alkaline Soil,FPO Member Farmer,0.26,10.85,300000,Yes,Pradhan Mantri Krishi Sinchayee Yojana (PMKSY),Farmer Producer Organisation (FPO) Term Loan,Horticulture Crop Insurance Scheme,5.9
RULE0006,Risk Cover Advisory for Small Farmer on Clay Soil,Wheat,Karnataka,Clay Soil,Small Farmer,1.19,2.78,,Yes,Pradhan Mantri Krishi Sinchayee Yojana (PMKSY),Fisheries & Aquaculture Loan,Horticulture Crop Insurance Scheme,5.1
RULE0007,Irrigation-Linked Scheme Match for Chickpea (Gram) on Clay Soil,Chickpea (Gram),Andhra Pradesh,Clay Soil,Marginal Farmer,0.5,1.96,300000,Yes,Telangana Farm Mechanization Scheme,Farmer Producer Organisation (FPO) Term Loan,Restructured Weather Based Crop Insurance Scheme (RWBCIS),5.8
RULE0008,Priority Scheme Match for Oilseeds Growers on Clay Soil in Maharashtra,Oilseeds,Maharashtra,Clay Soil,Sharecropper,0.51,2.46,,Yes,PM Kusum Scheme (Solar Pump & Grid Connected Plants),Fisheries & Aquaculture Loan,Horticulture Crop Insurance Scheme,9.8
RULE0009,Small Holding Advisory Rule for Small Farmer Growing Banana,Banana,Telangana,Red Soil,Small Farmer,1.35,2.08,,Yes,"Formation and Promotion of 10,000 FPOs Scheme",Crop Loan (Seasonal Agricultural Operations),Private Comprehensive Crop Insurance Plan,8.5
RULE0010,Risk Cover Advisory for Tenant Farmer on Loamy Soil,Mango,Telangana,Loamy Soil,Tenant Farmer,0.52,3.06,200000,Yes,Telangana Organic Farming Promotion Scheme,Fisheries & Aquaculture Loan,Restructured Weather Based Crop Insurance Scheme (RWBCIS),9.4
RULE0011,Subsidy & Credit Pathway for Women Farmer in Telangana,Banana,Telangana,Alluvial Soil,Women Farmer,0.87,3.82,300000,Yes,Rythu Bima Life Insurance Scheme,Horticulture & Plantation Loan,Private Comprehensive Crop Insurance Plan,6.5
RULE0012,Small Holding Advisory Rule for Medium Farmer Growing Millets (Jowar/Bajra),Millets (Jowar/Bajra),Maharashtra,Loamy Soil,Medium Farmer,2.26,5.63,500000,Yes,National Livestock Mission,Kisan Credit Card (KCC),Restructured Weather Based Crop Insurance Scheme (RWBCIS),7.3
RULE0013,Irrigation-Linked Scheme Match for Paddy on Saline / Alkaline Soil,Paddy,All India,Saline / Alkaline Soil,Sharecropper,0.71,2.77,100000,Yes,Rythu Bima Life Insurance Scheme,Solar Pump / Renewable Energy Agri Loan,Private Comprehensive Crop Insurance Plan,5.7
RULE0014,Small Holding Advisory Rule for Large Farmer Growing Horticulture Crops,Horticulture Crops,Telangana,Loamy Soil,Large Farmer,5.05,10.93,100000,Yes,National Mission on Natural Farming (NMNF),Micro Irrigation / Drip & Sprinkler Loan,Livestock Insurance Scheme,5.2
RULE0015,Priority Scheme Match for Horticulture Crops Growers on Laterite Soil in Telangana,Horticulture Crops,Telangana,Laterite Soil,Large Farmer,5.1,10.56,,Yes,Pradhan Mantri Krishi Sinchayee Yojana (PMKSY),Warehouse Receipt / Post-Harvest Loan,Private Comprehensive Crop Insurance Plan,7.7
RULE0016,Government Scheme Trigger for Oilseeds Cultivation in Andhra Pradesh,Oilseeds,Andhra Pradesh,Saline / Alkaline Soil,Sharecropper,0.89,2.26,500000,Yes,Rythu Bandhu Investment Support Scheme,Warehouse Receipt / Post-Harvest Loan,Livestock Insurance Scheme,9.6
RULE0017,Small Holding Advisory Rule for Sharecropper Growing Horticulture Crops,Horticulture Crops,Andhra Pradesh,Black Soil (Regur),Sharecropper,0.85,2.12,,Yes,Pradhan Mantri Matsya Sampada Yojana (PMMSY),Warehouse Receipt / Post-Harvest Loan,Livestock Insurance Scheme,6.6
RULE0018,Insurance Recommendation for Turmeric under Loamy Soil Conditions,Turmeric,Maharashtra,Loamy Soil,Large Farmer,5.19,10.81,500000,Yes,Rythu Bima Life Insurance Scheme,Micro Irrigation / Drip & Sprinkler Loan,Restructured Weather Based Crop Insurance Scheme (RWBCIS),9.3
RULE0019,Loan Eligibility Check for Tenant Farmer Cultivating Mango,Mango,All India,Red Soil,Tenant Farmer,0.95,3.0,250000,Yes,"Formation and Promotion of 10,000 FPOs Scheme",Kisan Credit Card (KCC),Private Comprehensive Crop Insurance Plan,6.9
RULE0020,Risk Cover Advisory for Large Farmer on Loamy Soil,Red Gram (Tur Dal),Maharashtra,Loamy Soil,Large Farmer,5.13,10.44,250000,Yes,Mission Kakatiya (Tank Restoration for Irrigation),Farmer Producer Organisation (FPO) Term Loan,Private Comprehensive Crop Insurance Plan,7.9
RULE0021,Loan Eligibility Check for Medium Farmer Cultivating Sugarcane,Sugarcane,All India,Black Soil (Regur),Medium Farmer,2.01,5.66,300000,Yes,Telangana Farm Mechanization Scheme,Kisan Credit Card (KCC),Livestock Insurance Scheme,10.0
RULE0022,Priority Scheme Match for Groundnut Growers on Loamy Soil in All India,Groundnut,All India,Loamy Soil,Large Farmer,5.23,10.9,250000,Yes,Micro Irrigation Fund (MIF),Agri Infrastructure & Cold Storage Loan,Private Comprehensive Crop Insurance Plan,9.5
RULE0023,Loan Eligibility Check for Large Farmer Cultivating Paddy,Paddy,All India,Clay Soil,Large Farmer,5.44,10.29,200000,Yes,Pradhan Mantri Fasal Bima Yojana (PMFBY),Gold Loan for Agricultural Purposes,Pradhan Mantri Fasal Bima Yojana (PMFBY) - Yield-Based Cover,7.5
RULE0024,Insurance Recommendation for Chilli under Black Soil (Regur) Conditions,Chilli,Andhra Pradesh,Black Soil (Regur),Tenant Farmer,0.88,3.43,500000,Yes,Rythu Bandhu Investment Support Scheme,Farmer Producer Organisation (FPO) Term Loan,Restructured Weather Based Crop Insurance Scheme (RWBCIS),6.4
RULE0025,Subsidy & Credit Pathway for Tenant Farmer in Telangana,Maize,Telangana,Saline / Alkaline Soil,Tenant Farmer,0.76,3.42,300000,No,National Livestock Mission,Farmer Producer Organisation (FPO) Term Loan,Pradhan Mantri Fasal Bima Yojana (PMFBY) - Yield-Based Cover,5.3
RULE0026,Risk Cover Advisory for Medium Farmer on Loamy Soil,Banana,Maharashtra,Loamy Soil,Medium Farmer,2.07,5.93,100000,No,Mission for Integrated Development of Horticulture (MIDH),Dairy & Livestock Development Loan,Pradhan Mantri Fasal Bima Yojana (PMFBY) - Yield-Based Cover,7.0
RULE0027,Priority Scheme Match for Paddy Growers on Clay Soil in Telangana,Paddy,Telangana,Clay Soil,Women Farmer,0.52,3.94,300000,No,National Livestock Mission,Agri Infrastructure & Cold Storage Loan,Horticulture Crop Insurance Scheme,9.6
RULE0028,Subsidy & Credit Pathway for Women Farmer in Telangana (Rule Variant 2),Millets (Jowar/Bajra),Telangana,Sandy Soil,Women Farmer,0.76,3.75,500000,Yes,Mission for Integrated Development of Horticulture (MIDH),Horticulture & Plantation Loan,Restructured Weather Based Crop Insurance Scheme (RWBCIS),7.6
RULE0029,Loan Eligibility Check for FPO Member Farmer Cultivating Banana,Banana,Maharashtra,Laterite Soil,FPO Member Farmer,0.49,10.5,,Yes,Rythu Bandhu Investment Support Scheme,Agri Infrastructure & Cold Storage Loan,Pradhan Mantri Fasal Bima Yojana (PMFBY) - Yield-Based Cover,5.6
RULE0030,Small Holding Advisory Rule for Sharecropper Growing Grapes,Grapes,All India,Black Soil (Regur),Sharecropper,0.64,2.21,,Yes,Soil Health Card Scheme,Gold Loan for Agricultural Purposes,Horticulture Crop Insurance Scheme,8.7
RULE0031,Insurance Recommendation for Turmeric under Alluvial Soil Conditions,Turmeric,Maharashtra,Alluvial Soil,FPO Member Farmer,0.44,10.14,500000,Yes,Pradhan Mantri Krishi Sinchayee Yojana (PMKSY),Warehouse Receipt / Post-Harvest Loan,Pradhan Mantri Fasal Bima Yojana (PMFBY) - Yield-Based Cover,5.5
RULE0032,Government Scheme Trigger for Soybean Cultivation in Maharashtra,Soybean,Maharashtra,Clay Soil,Large Farmer,5.03,10.15,200000,Yes,Sub-Mission on Agricultural Mechanization (SMAM),Fisheries & Aquaculture Loan,Pradhan Mantri Fasal Bima Yojana (PMFBY) - Yield-Based Cover,6.8
RULE0033,Small Holding Advisory Rule for FPO Member Farmer Growing Turmeric,Turmeric,Andhra Pradesh,Laterite Soil,FPO Member Farmer,0.34,10.09,,Yes,Telangana Millet Mission,Horticulture & Plantation Loan,Horticulture Crop Insurance Scheme,8.9
RULE0034,Subsidy & Credit Pathway for Small Farmer in Telangana,Cotton,Telangana,Red Soil,Small Farmer,1.14,2.13,500000,Yes,Telangana Horticulture Mission,Fisheries & Aquaculture Loan,Private Comprehensive Crop Insurance Plan,6.3
RULE0035,Insurance Recommendation for Banana under Loamy Soil Conditions,Banana,Karnataka,Loamy Soil,Women Farmer,0.92,3.88,250000,Yes,National Mission on Natural Farming (NMNF),Agri Infrastructure & Cold Storage Loan,Pradhan Mantri Fasal Bima Yojana (PMFBY) - Yield-Based Cover,9.0
RULE0036,Government Scheme Trigger for Horticulture Crops Cultivation in Telangana,Horticulture Crops,Telangana,Sandy Soil,Small Farmer,1.36,2.61,200000,No,Telangana Horticulture Mission,Agri Infrastructure & Cold Storage Loan,Private Comprehensive Crop Insurance Plan,6.0
RULE0037,Government Scheme Trigger for Maize Cultivation in Andhra Pradesh,Maize,Andhra Pradesh,Laterite Soil,Women Farmer,0.89,3.28,250000,No,National Food Security Mission (NFSM),Horticulture & Plantation Loan,Pradhan Mantri Fasal Bima Yojana (PMFBY) - Yield-Based Cover,6.3
RULE0038,Insurance Recommendation for Paddy under Laterite Soil Conditions,Paddy,Andhra Pradesh,Laterite Soil,Women Farmer,0.55,4.0,250000,Yes,Soil Health Card Scheme,Crop Loan (Seasonal Agricultural Operations),Horticulture Crop Insurance Scheme,5.3
RULE0039,Government Scheme Trigger for Sugarcane Cultivation in All India,Sugarcane,All India,Alluvial Soil,Tenant Farmer,0.55,2.76,500000,Yes,Soil Health Card Scheme,Fisheries & Aquaculture Loan,Private Comprehensive Crop Insurance Plan,5.6
RULE0040,Subsidy & Credit Pathway for Sharecropper in All India (Rule Variant 2),Wheat,All India,Sandy Soil,Sharecropper,0.5,2.84,250000,Yes,Pradhan Mantri Matsya Sampada Yojana (PMMSY),Horticulture & Plantation Loan,Horticulture Crop Insurance Scheme,9.7
RULE0041,Government Scheme Trigger for Chilli Cultivation in Andhra Pradesh,Chilli,Andhra Pradesh,Clay Soil,Marginal Farmer,0.1,1.92,500000,Yes,Pradhan Mantri Krishi Sinchayee Yojana (PMKSY),Farm Mechanization / Tractor Loan,Private Comprehensive Crop Insurance Plan,6.3
RULE0042,Priority Scheme Match for Chilli Growers on Sandy Soil in Maharashtra,Chilli,Maharashtra,Sandy Soil,Small Farmer,1.06,2.57,150000,Yes,Telangana Organic Farming Promotion Scheme,Fisheries & Aquaculture Loan,Private Comprehensive Crop Insurance Plan,8.6
RULE0043,Insurance Recommendation for Millets (Jowar/Bajra) under Loamy Soil Conditions,Millets (Jowar/Bajra),All India,Loamy Soil,Marginal Farmer,0.15,1.88,100000,Yes,Rythu Bandhu Investment Support Scheme,Kisan Credit Card (KCC),Livestock Insurance Scheme,5.3
RULE0044,Loan Eligibility Check for Large Farmer Cultivating Groundnut,Groundnut,Andhra Pradesh,Black Soil (Regur),Large Farmer,5.22,10.97,200000,Yes,National Livestock Mission,Agri Infrastructure & Cold Storage Loan,Private Comprehensive Crop Insurance Plan,9.7
RULE0045,Priority Scheme Match for Maize Growers on Red Soil in Andhra Pradesh,Maize,Andhra Pradesh,Red Soil,Sharecropper,0.97,2.93,300000,Yes,Telangana Millet Mission,Kisan Credit Card (KCC),Restructured Weather Based Crop Insurance Scheme (RWBCIS),9.3
RULE0046,Risk Cover Advisory for FPO Member Farmer on Black Soil (Regur),Horticulture Crops,Telangana,Black Soil (Regur),FPO Member Farmer,0.31,10.33,100000,Yes,"Formation and Promotion of 10,000 FPOs Scheme",Horticulture & Plantation Loan,Pradhan Mantri Fasal Bima Yojana (PMFBY) - Yield-Based Cover,5.4
RULE0047,Small Holding Advisory Rule for Tenant Farmer Growing Turmeric,Turmeric,Andhra Pradesh,Alluvial Soil,Tenant Farmer,0.76,3.21,150000,Yes,National Food Security Mission (NFSM),Solar Pump / Renewable Energy Agri Loan,Private Comprehensive Crop Insurance Plan,9.2
RULE0048,Loan Eligibility Check for Medium Farmer Cultivating Oilseeds,Oilseeds,Telangana,Black Soil (Regur),Medium Farmer,2.23,5.66,300000,Yes,Telangana Farm Mechanization Scheme,Farmer Producer Organisation (FPO) Term Loan,Pradhan Mantri Fasal Bima Yojana (PMFBY) - Yield-Based Cover,6.9
RULE0049,Subsidy & Credit Pathway for Women Farmer in All India,Grapes,All India,Sandy Soil,Women Farmer,0.58,3.37,250000,Yes,PM Kusum Scheme (Solar Pump & Grid Connected Plants),Horticulture & Plantation Loan,Restructured Weather Based Crop Insurance Scheme (RWBCIS),9.5
RULE0050,Insurance Recommendation for All Crops under Laterite Soil Conditions,All Crops,Telangana,Laterite Soil,FPO Member Farmer,0.25,10.71,500000,No,Rythu Bima Life Insurance Scheme,Dairy & Livestock Development Loan,Private Comprehensive Crop Insurance Plan,7.5
RULE0051,Small Holding Advisory Rule for Tenant Farmer Growing Wheat,Wheat,Karnataka,Clay Soil,Tenant Farmer,0.84,2.68,,Yes,Pradhan Mantri Fasal Bima Yojana (PMFBY),Agri Infrastructure & Cold Storage Loan,Private Comprehensive Crop Insurance Plan,8.6
RULE0052,Insurance Recommendation for Groundnut under Black Soil (Regur) Conditions,Groundnut,All India,Black Soil (Regur),Medium Farmer,2.4,5.17,300000,Yes,National Food Security Mission (NFSM),Solar Pump / Renewable Energy Agri Loan,Restructured Weather Based Crop Insurance Scheme (RWBCIS),7.5
RULE0053,Insurance Recommendation for Chilli under Black Soil (Regur) Conditions (Rule Variant 2),Chilli,Maharashtra,Black Soil (Regur),Sharecropper,0.64,2.99,250000,Yes,Mission for Integrated Development of Horticulture (MIDH),Crop Loan (Seasonal Agricultural Operations),Livestock Insurance Scheme,8.7
RULE0054,Government Scheme Trigger for Vegetables Cultivation in Maharashtra,Vegetables,Maharashtra,Loamy Soil,Marginal Farmer,0.43,1.7,150000,Yes,Pradhan Mantri Kisan Samman Nidhi (PM-KISAN),Crop Loan (Seasonal Agricultural Operations),Pradhan Mantri Fasal Bima Yojana (PMFBY) - Yield-Based Cover,8.6
RULE0055,Risk Cover Advisory for Large Farmer on Loamy Soil (Rule Variant 2),Chickpea (Gram),All India,Loamy Soil,Large Farmer,5.36,10.82,300000,Yes,Mission for Integrated Development of Horticulture (MIDH),Kisan Credit Card (KCC),Restructured Weather Based Crop Insurance Scheme (RWBCIS),5.6
RULE0056,Priority Scheme Match for Grapes Growers on Saline / Alkaline Soil in Andhra Pradesh,Grapes,Andhra Pradesh,Saline / Alkaline Soil,FPO Member Farmer,0.17,10.65,100000,Yes,PM Kusum Scheme (Solar Pump & Grid Connected Plants),Solar Pump / Renewable Energy Agri Loan,Horticulture Crop Insurance Scheme,8.4
RULE0057,Insurance Recommendation for Chickpea (Gram) under Black Soil (Regur) Conditions,Chickpea (Gram),Andhra Pradesh,Black Soil (Regur),Small Farmer,1.49,2.01,200000,Yes,"Formation and Promotion of 10,000 FPOs Scheme",Agri Infrastructure & Cold Storage Loan,Livestock Insurance Scheme,5.3
RULE0058,Small Holding Advisory Rule for Large Farmer Growing Turmeric,Turmeric,Andhra Pradesh,Loamy Soil,Large Farmer,5.35,10.74,,Yes,PM Kusum Scheme (Solar Pump & Grid Connected Plants),Solar Pump / Renewable Energy Agri Loan,Livestock Insurance Scheme,5.5
RULE0059,Insurance Recommendation for Sugarcane under Red Soil Conditions,Sugarcane,Telangana,Red Soil,Women Farmer,0.6,3.87,200000,Yes,Telangana Organic Farming Promotion Scheme,Farmer Producer Organisation (FPO) Term Loan,Livestock Insurance Scheme,9.7
RULE0060,Irrigation-Linked Scheme Match for Cotton on Black Soil (Regur),Cotton,Maharashtra,Black Soil (Regur),Small Farmer,1.47,2.39,500000,Yes,National Mission on Natural Farming (NMNF),Warehouse Receipt / Post-Harvest Loan,Horticulture Crop Insurance Scheme,5.3
RULE0061,Risk Cover Advisory for Marginal Farmer on Red Soil,All Crops,Andhra Pradesh,Red Soil,Marginal Farmer,0.2,1.32,500000,Yes,Micro Irrigation Fund (MIF),Warehouse Receipt / Post-Harvest Loan,Horticulture Crop Insurance Scheme,5.8
RULE0062,Priority Scheme Match for All Crops Growers on Loamy Soil in Maharashtra,All Crops,Maharashtra,Loamy Soil,Large Farmer,5.31,10.84,100000,Yes,Mission Kakatiya (Tank Restoration for Irrigation),Farmer Producer Organisation (FPO) Term Loan,Private Comprehensive Crop Insurance Plan,6.1
RULE0063,Risk Cover Advisory for Sharecropper on Laterite Soil,Millets (Jowar/Bajra),Andhra Pradesh,Laterite Soil,Sharecropper,0.89,2.48,200000,Yes,Rashtriya Krishi Vikas Yojana (RKVY),Horticulture & Plantation Loan,Horticulture Crop Insurance Scheme,5.4
RULE0064,Government Scheme Trigger for Mango Cultivation in Maharashtra,Mango,Maharashtra,Red Soil,Women Farmer,0.78,3.61,100000,Yes,Pradhan Mantri Fasal Bima Yojana (PMFBY),Farm Mechanization / Tractor Loan,Livestock Insurance Scheme,8.9
RULE0065,Irrigation-Linked Scheme Match for Grapes on Sandy Soil,Grapes,Karnataka,Sandy Soil,Large Farmer,5.09,10.52,300000,Yes,Pradhan Mantri Krishi Sinchayee Yojana (PMKSY),Gold Loan for Agricultural Purposes,Livestock Insurance Scheme,7.7
RULE0066,Small Holding Advisory Rule for Medium Farmer Growing Chickpea (Gram),Chickpea (Gram),Maharashtra,Alluvial Soil,Medium Farmer,2.35,5.13,500000,Yes,Sub-Mission on Agricultural Mechanization (SMAM),Farm Mechanization / Tractor Loan,Livestock Insurance Scheme,6.3
RULE0067,Subsidy & Credit Pathway for Tenant Farmer in Karnataka,Soybean,Karnataka,Laterite Soil,Tenant Farmer,0.79,2.55,500000,Yes,Paramparagat Krishi Vikas Yojana (PKVY),Gold Loan for Agricultural Purposes,Livestock Insurance Scheme,5.1
RULE0068,Priority Scheme Match for Chilli Growers on Alluvial Soil in All India,Chilli,All India,Alluvial Soil,Women Farmer,0.55,3.04,100000,Yes,Pradhan Mantri Matsya Sampada Yojana (PMMSY),Horticulture & Plantation Loan,Restructured Weather Based Crop Insurance Scheme (RWBCIS),5.5
RULE0069,Loan Eligibility Check for Large Farmer Cultivating Oilseeds,Oilseeds,Karnataka,Black Soil (Regur),Large Farmer,5.21,10.16,300000,Yes,Pradhan Mantri Matsya Sampada Yojana (PMMSY),Farm Mechanization / Tractor Loan,Private Comprehensive Crop Insurance Plan,6.8
RULE0070,Government Scheme Trigger for Mango Cultivation in Telangana,Mango,Telangana,Saline / Alkaline Soil,Tenant Farmer,0.72,3.1,250000,Yes,Mission for Integrated Development of Horticulture (MIDH),Micro Irrigation / Drip & Sprinkler Loan,Livestock Insurance Scheme,7.5
RULE0071,Subsidy & Credit Pathway for Medium Farmer in Andhra Pradesh,Pulses,Andhra Pradesh,Alluvial Soil,Medium Farmer,2.25,5.74,,Yes,National Food Security Mission (NFSM),Agri Infrastructure & Cold Storage Loan,Pradhan Mantri Fasal Bima Yojana (PMFBY) - Yield-Based Cover,7.5
RULE0072,Loan Eligibility Check for FPO Member Farmer Cultivating Mango,Mango,Andhra Pradesh,Laterite Soil,FPO Member Farmer,0.4,10.25,150000,Yes,Sub-Mission on Agricultural Mechanization (SMAM),Gold Loan for Agricultural Purposes,Restructured Weather Based Crop Insurance Scheme (RWBCIS),9.9
RULE0073,Risk Cover Advisory for Tenant Farmer on Clay Soil,Paddy,Telangana,Clay Soil,Tenant Farmer,0.54,2.96,250000,Yes,Telangana Farm Mechanization Scheme,Micro Irrigation / Drip & Sprinkler Loan,Pradhan Mantri Fasal Bima Yojana (PMFBY) - Yield-Based Cover,8.8
RULE0074,Insurance Recommendation for Paddy under Sandy Soil Conditions,Paddy,Andhra Pradesh,Sandy Soil,Women Farmer,0.72,3.75,200000,No,Soil Health Card Scheme,Agri Infrastructure & Cold Storage Loan,Livestock Insurance Scheme,7.4
RULE0075,Small Holding Advisory Rule for Large Farmer Growing Chickpea (Gram),Chickpea (Gram),All India,Red Soil,Large Farmer,5.48,10.7,150000,Yes,Pradhan Mantri Krishi Sinchayee Yojana (PMKSY),Crop Loan (Seasonal Agricultural Operations),Pradhan Mantri Fasal Bima Yojana (PMFBY) - Yield-Based Cover,8.2
RULE0076,Government Scheme Trigger for Chickpea (Gram) Cultivation in All India,Chickpea (Gram),All India,Saline / Alkaline Soil,Sharecropper,0.58,2.24,300000,Yes,Paramparagat Krishi Vikas Yojana (PKVY),Agri Infrastructure & Cold Storage Loan,Livestock Insurance Scheme,8.8
RULE0077,Government Scheme Trigger for Oilseeds Cultivation in Andhra Pradesh (Rule Variant 2),Oilseeds,Andhra Pradesh,Clay Soil,Women Farmer,0.58,3.99,150000,Yes,"Formation and Promotion of 10,000 FPOs Scheme",Solar Pump / Renewable Energy Agri Loan,Livestock Insurance Scheme,8.4
RULE0078,Subsidy & Credit Pathway for Large Farmer in Andhra Pradesh,Paddy,Andhra Pradesh,Saline / Alkaline Soil,Large Farmer,5.08,10.6,200000,Yes,Telangana Horticulture Mission,Warehouse Receipt / Post-Harvest Loan,Pradhan Mantri Fasal Bima Yojana (PMFBY) - Yield-Based Cover,8.3
RULE0079,Priority Scheme Match for Wheat Growers on Black Soil (Regur) in Maharashtra,Wheat,Maharashtra,Black Soil (Regur),Large Farmer,5.13,10.8,100000,Yes,Telangana Millet Mission,Fisheries & Aquaculture Loan,Restructured Weather Based Crop Insurance Scheme (RWBCIS),6.2
RULE0080,Risk Cover Advisory for FPO Member Farmer on Sandy Soil,Groundnut,Andhra Pradesh,Sandy Soil,FPO Member Farmer,0.03,10.56,150000,No,Mission Kakatiya (Tank Restoration for Irrigation),Fisheries & Aquaculture Loan,Horticulture Crop Insurance Scheme,9.0
RULE0081,Loan Eligibility Check for Tenant Farmer Cultivating Maize,Maize,Andhra Pradesh,Saline / Alkaline Soil,Tenant Farmer,0.95,2.67,200000,Yes,Pradhan Mantri Matsya Sampada Yojana (PMMSY),Solar Pump / Renewable Energy Agri Loan,Livestock Insurance Scheme,8.1
RULE0082,Government Scheme Trigger for Cotton Cultivation in Andhra Pradesh,Cotton,Andhra Pradesh,Alluvial Soil,Sharecropper,0.61,2.52,,No,Telangana Horticulture Mission,Gold Loan for Agricultural Purposes,Horticulture Crop Insurance Scheme,9.9
RULE0083,Loan Eligibility Check for Marginal Farmer Cultivating Groundnut,Groundnut,Andhra Pradesh,Laterite Soil,Marginal Farmer,0.04,1.54,200000,Yes,Rythu Bandhu Investment Support Scheme,Micro Irrigation / Drip & Sprinkler Loan,Restructured Weather Based Crop Insurance Scheme (RWBCIS),6.6
RULE0084,Priority Scheme Match for Mango Growers on Laterite Soil in Andhra Pradesh,Mango,Andhra Pradesh,Laterite Soil,Large Farmer,5.33,10.52,100000,Yes,Micro Irrigation Fund (MIF),Micro Irrigation / Drip & Sprinkler Loan,Livestock Insurance Scheme,6.4
RULE0085,Subsidy & Credit Pathway for Medium Farmer in Maharashtra,Oilseeds,Maharashtra,Loamy Soil,Medium Farmer,2.08,5.95,300000,Yes,PM Kusum Scheme (Solar Pump & Grid Connected Plants),Crop Loan (Seasonal Agricultural Operations),Private Comprehensive Crop Insurance Plan,7.2
RULE0086,Government Scheme Trigger for Cotton Cultivation in Telangana,Cotton,Telangana,Loamy Soil,Marginal Farmer,0.48,1.77,150000,Yes,National Food Security Mission (NFSM),Fisheries & Aquaculture Loan,Restructured Weather Based Crop Insurance Scheme (RWBCIS),9.1
RULE0087,Irrigation-Linked Scheme Match for Millets (Jowar/Bajra) on Laterite Soil,Millets (Jowar/Bajra),Maharashtra,Laterite Soil,Sharecropper,0.6,2.33,200000,Yes,Telangana Millet Mission,Micro Irrigation / Drip & Sprinkler Loan,Livestock Insurance Scheme,6.8
RULE0088,Risk Cover Advisory for Sharecropper on Alluvial Soil,Pulses,All India,Alluvial Soil,Sharecropper,0.76,2.65,100000,Yes,Pradhan Mantri Fasal Bima Yojana (PMFBY),Fisheries & Aquaculture Loan,Horticulture Crop Insurance Scheme,7.0
RULE0089,Priority Scheme Match for Vegetables Growers on Laterite Soil in Andhra Pradesh,Vegetables,Andhra Pradesh,Laterite Soil,Women Farmer,0.6,3.23,500000,Yes,Rashtriya Krishi Vikas Yojana (RKVY),Dairy & Livestock Development Loan,Livestock Insurance Scheme,5.7
RULE0090,Subsidy & Credit Pathway for FPO Member Farmer in Karnataka,Pulses,Karnataka,Clay Soil,FPO Member Farmer,0.46,10.06,300000,Yes,Mission Kakatiya (Tank Restoration for Irrigation),Gold Loan for Agricultural Purposes,Restructured Weather Based Crop Insurance Scheme (RWBCIS),9.8
RULE0091,Small Holding Advisory Rule for Sharecropper Growing Chilli,Chilli,Andhra Pradesh,Black Soil (Regur),Sharecropper,0.67,2.67,200000,Yes,Pradhan Mantri Krishi Sinchayee Yojana (PMKSY),Solar Pump / Renewable Energy Agri Loan,Horticulture Crop Insurance Scheme,8.2
RULE0092,Small Holding Advisory Rule for Medium Farmer Growing Mango,Mango,Andhra Pradesh,Clay Soil,Medium Farmer,2.11,5.54,250000,Yes,Pradhan Mantri Fasal Bima Yojana (PMFBY),Farm Mechanization / Tractor Loan,Livestock Insurance Scheme,8.2
RULE0093,Priority Scheme Match for Grapes Growers on Black Soil (Regur) in Telangana,Grapes,Telangana,Black Soil (Regur),Sharecropper,0.81,2.69,200000,Yes,Mission Kakatiya (Tank Restoration for Irrigation),Crop Loan (Seasonal Agricultural Operations),Restructured Weather Based Crop Insurance Scheme (RWBCIS),6.7
RULE0094,Subsidy & Credit Pathway for Large Farmer in All India,Turmeric,All India,Laterite Soil,Large Farmer,5.22,10.04,250000,Yes,National Mission on Natural Farming (NMNF),Solar Pump / Renewable Energy Agri Loan,Restructured Weather Based Crop Insurance Scheme (RWBCIS),8.5
RULE0095,Government Scheme Trigger for Vegetables Cultivation in Maharashtra (Rule Variant 2),Vegetables,Maharashtra,Laterite Soil,Small Farmer,1.05,2.06,300000,Yes,Telangana Millet Mission,Crop Loan (Seasonal Agricultural Operations),Restructured Weather Based Crop Insurance Scheme (RWBCIS),9.6
RULE0096,Subsidy & Credit Pathway for Medium Farmer in Karnataka,Pulses,Karnataka,Laterite Soil,Medium Farmer,2.11,5.16,500000,No,Telangana Horticulture Mission,Micro Irrigation / Drip & Sprinkler Loan,Pradhan Mantri Fasal Bima Yojana (PMFBY) - Yield-Based Cover,6.2
RULE0097,Loan Eligibility Check for Women Farmer Cultivating Paddy,Paddy,All India,Loamy Soil,Women Farmer,0.62,3.92,,Yes,Mission Kakatiya (Tank Restoration for Irrigation),Agri Infrastructure & Cold Storage Loan,Horticulture Crop Insurance Scheme,5.4
RULE0098,Small Holding Advisory Rule for Large Farmer Growing Horticulture Crops (Rule Variant 2),Horticulture Crops,Karnataka,Clay Soil,Large Farmer,5.43,10.91,500000,Yes,Telangana Farm Mechanization Scheme,Horticulture & Plantation Loan,Livestock Insurance Scheme,5.2
RULE0099,Government Scheme Trigger for Cotton Cultivation in Telangana (Rule Variant 2),Cotton,Telangana,Red Soil,Sharecropper,0.6,2.84,250000,Yes,Pradhan Mantri Kisan Samman Nidhi (PM-KISAN),Solar Pump / Renewable Energy Agri Loan,Restructured Weather Based Crop Insurance Scheme (RWBCIS),9.8
RULE0100,Irrigation-Linked Scheme Match for Groundnut on Alluvial Soil,Groundnut,Andhra Pradesh,Alluvial Soil,Tenant Farmer,0.53,3.44,200000,Yes,Pradhan Mantri Krishi Sinchayee Yojana (PMKSY),Micro Irrigation / Drip & Sprinkler Loan,Private Comprehensive Crop Insurance Plan,5.4
RULE0101,Insurance Recommendation for Banana under Loamy Soil Conditions (Rule Variant 2),Banana,Maharashtra,Loamy Soil,Small Farmer,1.23,2.14,250000,No,Telangana Horticulture Mission,Gold Loan for Agricultural Purposes,Horticulture Crop Insurance Scheme,7.7
RULE0102,Insurance Recommendation for Oilseeds under Saline / Alkaline Soil Conditions,Oilseeds,All India,Saline / Alkaline Soil,Tenant Farmer,0.6,2.72,300000,Yes,Pradhan Mantri Krishi Sinchayee Yojana (PMKSY),Crop Loan (Seasonal Agricultural Operations),Livestock Insurance Scheme,9.4
RULE0103,Government Scheme Trigger for Soybean Cultivation in Maharashtra (Rule Variant 2),Soybean,Maharashtra,Clay Soil,Large Farmer,5.15,10.54,250000,Yes,Rashtriya Krishi Vikas Yojana (RKVY),Fisheries & Aquaculture Loan,Private Comprehensive Crop Insurance Plan,8.0
RULE0104,Insurance Recommendation for Paddy under Red Soil Conditions,Paddy,Karnataka,Red Soil,Sharecropper,0.57,2.89,100000,No,Pradhan Mantri Matsya Sampada Yojana (PMMSY),Agri Infrastructure & Cold Storage Loan,Pradhan Mantri Fasal Bima Yojana (PMFBY) - Yield-Based Cover,9.3
RULE0105,Loan Eligibility Check for Small Farmer Cultivating Sugarcane,Sugarcane,Andhra Pradesh,Laterite Soil,Small Farmer,1.31,2.84,150000,Yes,National Mission on Natural Farming (NMNF),Fisheries & Aquaculture Loan,Livestock Insurance Scheme,6.5
RULE0106,Small Holding Advisory Rule for FPO Member Farmer Growing Soybean,Soybean,Karnataka,Black Soil (Regur),FPO Member Farmer,0.21,10.82,,Yes,Mission for Integrated Development of Horticulture (MIDH),Micro Irrigation / Drip & Sprinkler Loan,Livestock Insurance Scheme,8.4
RULE0107,Subsidy & Credit Pathway for Large Farmer in Maharashtra,Turmeric,Maharashtra,Red Soil,Large Farmer,5.44,10.17,500000,Yes,Sub-Mission on Agricultural Mechanization (SMAM),Warehouse Receipt / Post-Harvest Loan,Restructured Weather Based Crop Insurance Scheme (RWBCIS),6.4
RULE0108,Risk Cover Advisory for FPO Member Farmer on Laterite Soil,Mango,All India,Laterite Soil,FPO Member Farmer,0.38,10.01,250000,Yes,Mission Kakatiya (Tank Restoration for Irrigation),Dairy & Livestock Development Loan,Livestock Insurance Scheme,7.2
RULE0109,Subsidy & Credit Pathway for Marginal Farmer in All India,Millets (Jowar/Bajra),All India,Sandy Soil,Marginal Farmer,0.49,1.88,100000,Yes,Pradhan Mantri Fasal Bima Yojana (PMFBY),Warehouse Receipt / Post-Harvest Loan,Horticulture Crop Insurance Scheme,9.2
RULE0110,Risk Cover Advisory for Large Farmer on Red Soil,Groundnut,Maharashtra,Red Soil,Large Farmer,5.41,10.02,250000,Yes,Sub-Mission on Agricultural Mechanization (SMAM),Farm Mechanization / Tractor Loan,Private Comprehensive Crop Insurance Plan,9.3
RULE0111,Loan Eligibility Check for Marginal Farmer Cultivating Oilseeds,Oilseeds,Karnataka,Black Soil (Regur),Marginal Farmer,0.12,1.95,300000,Yes,Rythu Bima Life Insurance Scheme,Solar Pump / Renewable Energy Agri Loan,Horticulture Crop Insurance Scheme,5.9
RULE0112,Irrigation-Linked Scheme Match for Banana on Red Soil,Banana,Maharashtra,Red Soil,Marginal Farmer,0.11,1.63,250000,Yes,Rythu Bima Life Insurance Scheme,Gold Loan for Agricultural Purposes,Pradhan Mantri Fasal Bima Yojana (PMFBY) - Yield-Based Cover,7.7
RULE0113,Risk Cover Advisory for Medium Farmer on Sandy Soil,Chilli,Andhra Pradesh,Sandy Soil,Medium Farmer,2.01,5.85,150000,Yes,Telangana Farm Mechanization Scheme,Farmer Producer Organisation (FPO) Term Loan,Horticulture Crop Insurance Scheme,9.2
RULE0114,Loan Eligibility Check for Women Farmer Cultivating Red Gram (Tur Dal),Red Gram (Tur Dal),Andhra Pradesh,Saline / Alkaline Soil,Women Farmer,0.94,3.37,300000,Yes,Micro Irrigation Fund (MIF),Farmer Producer Organisation (FPO) Term Loan,Livestock Insurance Scheme,5.2
RULE0115,Subsidy & Credit Pathway for Large Farmer in Maharashtra (Rule Variant 2),All Crops,Maharashtra,Saline / Alkaline Soil,Large Farmer,5.43,10.12,250000,Yes,PM Kusum Scheme (Solar Pump & Grid Connected Plants),Crop Loan (Seasonal Agricultural Operations),Restructured Weather Based Crop Insurance Scheme (RWBCIS),6.0
RULE0116,Irrigation-Linked Scheme Match for Soybean on Laterite Soil,Soybean,Karnataka,Laterite Soil,Medium Farmer,2.21,5.75,300000,Yes,Telangana Micro Irrigation Project Subsidy,Crop Loan (Seasonal Agricultural Operations),Pradhan Mantri Fasal Bima Yojana (PMFBY) - Yield-Based Cover,6.6
RULE0117,Small Holding Advisory Rule for Marginal Farmer Growing Sugarcane,Sugarcane,Maharashtra,Red Soil,Marginal Farmer,0.33,1.41,500000,No,Telangana Micro Irrigation Project Subsidy,Warehouse Receipt / Post-Harvest Loan,Private Comprehensive Crop Insurance Plan,6.6
RULE0118,Insurance Recommendation for Grapes under Clay Soil Conditions,Grapes,Maharashtra,Clay Soil,Medium Farmer,2.47,5.92,300000,Yes,Paramparagat Krishi Vikas Yojana (PKVY),Agri Infrastructure & Cold Storage Loan,Pradhan Mantri Fasal Bima Yojana (PMFBY) - Yield-Based Cover,8.5
RULE0119,Subsidy & Credit Pathway for Small Farmer in Maharashtra,Paddy,Maharashtra,Alluvial Soil,Small Farmer,1.16,2.37,500000,Yes,National Food Security Mission (NFSM),Micro Irrigation / Drip & Sprinkler Loan,Private Comprehensive Crop Insurance Plan,5.8
RULE0120,Irrigation-Linked Scheme Match for Vegetables on Black Soil (Regur),Vegetables,Karnataka,Black Soil (Regur),Tenant Farmer,0.64,2.53,,Yes,PM Kusum Scheme (Solar Pump & Grid Connected Plants),Agri Infrastructure & Cold Storage Loan,Pradhan Mantri Fasal Bima Yojana (PMFBY) - Yield-Based Cover,9.7
RULE0121,Risk Cover Advisory for Marginal Farmer on Laterite Soil,Maize,Karnataka,Laterite Soil,Marginal Farmer,0.26,1.13,150000,No,Telangana Farm Mechanization Scheme,Horticulture & Plantation Loan,Horticulture Crop Insurance Scheme,8.1
RULE0122,Government Scheme Trigger for Oilseeds Cultivation in Andhra Pradesh (Rule Variant 3),Oilseeds,Andhra Pradesh,Laterite Soil,Sharecropper,0.62,2.17,150000,Yes,Rythu Bandhu Investment Support Scheme,Kisan Credit Card (KCC),Horticulture Crop Insurance Scheme,6.4
RULE0123,Small Holding Advisory Rule for Medium Farmer Growing Cotton,Cotton,Andhra Pradesh,Saline / Alkaline Soil,Medium Farmer,2.35,5.37,500000,Yes,PM Kusum Scheme (Solar Pump & Grid Connected Plants),Gold Loan for Agricultural Purposes,Pradhan Mantri Fasal Bima Yojana (PMFBY) - Yield-Based Cover,5.6
RULE0124,Subsidy & Credit Pathway for Tenant Farmer in Andhra Pradesh,Pulses,Andhra Pradesh,Loamy Soil,Tenant Farmer,0.76,2.83,300000,Yes,Mission for Integrated Development of Horticulture (MIDH),Farmer Producer Organisation (FPO) Term Loan,Horticulture Crop Insurance Scheme,8.5
RULE0125,Risk Cover Advisory for Women Farmer on Laterite Soil,Oilseeds,Karnataka,Laterite Soil,Women Farmer,0.88,3.35,300000,Yes,PM Kusum Scheme (Solar Pump & Grid Connected Plants),Farmer Producer Organisation (FPO) Term Loan,Livestock Insurance Scheme,9.3
RULE0126,Insurance Recommendation for Pulses under Red Soil Conditions,Pulses,Karnataka,Red Soil,FPO Member Farmer,0.27,10.29,200000,Yes,Micro Irrigation Fund (MIF),Crop Loan (Seasonal Agricultural Operations),Pradhan Mantri Fasal Bima Yojana (PMFBY) - Yield-Based Cover,5.9
RULE0127,Loan Eligibility Check for Women Farmer Cultivating Vegetables,Vegetables,All India,Alluvial Soil,Women Farmer,0.82,3.66,100000,Yes,National Livestock Mission,Crop Loan (Seasonal Agricultural Operations),Livestock Insurance Scheme,5.3
RULE0128,Subsidy & Credit Pathway for Marginal Farmer in Andhra Pradesh,Grapes,Andhra Pradesh,Laterite Soil,Marginal Farmer,0.26,1.18,300000,Yes,Telangana Farm Mechanization Scheme,Farm Mechanization / Tractor Loan,Pradhan Mantri Fasal Bima Yojana (PMFBY) - Yield-Based Cover,6.2
RULE0129,Government Scheme Trigger for Cotton Cultivation in Karnataka,Cotton,Karnataka,Laterite Soil,Sharecropper,0.67,2.32,100000,Yes,Mission for Integrated Development of Horticulture (MIDH),Solar Pump / Renewable Energy Agri Loan,Pradhan Mantri Fasal Bima Yojana (PMFBY) - Yield-Based Cover,9.1
RULE0130,Loan Eligibility Check for Marginal Farmer Cultivating All Crops,All Crops,Telangana,Red Soil,Marginal Farmer,0.18,1.68,500000,Yes,Rythu Bima Life Insurance Scheme,Horticulture & Plantation Loan,Livestock Insurance Scheme,5.3
RULE0131,Government Scheme Trigger for Soybean Cultivation in Telangana,Soybean,Telangana,Alluvial Soil,Marginal Farmer,0.38,1.9,100000,Yes,Pradhan Mantri Krishi Sinchayee Yojana (PMKSY),Micro Irrigation / Drip & Sprinkler Loan,Private Comprehensive Crop Insurance Plan,5.3
RULE0132,Irrigation-Linked Scheme Match for Grapes on Saline / Alkaline Soil,Grapes,Karnataka,Saline / Alkaline Soil,Sharecropper,0.99,2.13,200000,Yes,Mission for Integrated Development of Horticulture (MIDH),Crop Loan (Seasonal Agricultural Operations),Private Comprehensive Crop Insurance Plan,9.6
RULE0133,Small Holding Advisory Rule for FPO Member Farmer Growing Chickpea (Gram),Chickpea (Gram),Karnataka,Laterite Soil,FPO Member Farmer,0.18,10.35,300000,Yes,"Formation and Promotion of 10,000 FPOs Scheme",Agri Infrastructure & Cold Storage Loan,Pradhan Mantri Fasal Bima Yojana (PMFBY) - Yield-Based Cover,7.3
RULE0134,Risk Cover Advisory for Women Farmer on Loamy Soil,Sugarcane,Karnataka,Loamy Soil,Women Farmer,0.91,3.93,250000,Yes,Pradhan Mantri Kisan Samman Nidhi (PM-KISAN),Farm Mechanization / Tractor Loan,Livestock Insurance Scheme,7.0
RULE0135,Small Holding Advisory Rule for Tenant Farmer Growing Mango,Mango,Maharashtra,Sandy Soil,Tenant Farmer,0.96,3.01,100000,Yes,National Mission on Natural Farming (NMNF),Fisheries & Aquaculture Loan,Livestock Insurance Scheme,5.4
RULE0136,Subsidy & Credit Pathway for Small Farmer in Andhra Pradesh,Wheat,Andhra Pradesh,Laterite Soil,Small Farmer,1.35,2.34,500000,No,National Livestock Mission,Agri Infrastructure & Cold Storage Loan,Pradhan Mantri Fasal Bima Yojana (PMFBY) - Yield-Based Cover,7.4
RULE0137,Priority Scheme Match for Chilli Growers on Loamy Soil in Maharashtra,Chilli,Maharashtra,Loamy Soil,Marginal Farmer,0.23,1.31,200000,Yes,National Mission on Natural Farming (NMNF),Farm Mechanization / Tractor Loan,Horticulture Crop Insurance Scheme,8.2
RULE0138,Small Holding Advisory Rule for Small Farmer Growing Groundnut,Groundnut,Telangana,Alluvial Soil,Small Farmer,1.48,2.33,100000,Yes,"Formation and Promotion of 10,000 FPOs Scheme",Farmer Producer Organisation (FPO) Term Loan,Horticulture Crop Insurance Scheme,9.5
RULE0139,Insurance Recommendation for Oilseeds under Sandy Soil Conditions,Oilseeds,Telangana,Sandy Soil,Tenant Farmer,0.88,2.88,250000,Yes,Telangana Millet Mission,Kisan Credit Card (KCC),Pradhan Mantri Fasal Bima Yojana (PMFBY) - Yield-Based Cover,5.6
RULE0140,Insurance Recommendation for All Crops under Black Soil (Regur) Conditions,All Crops,Maharashtra,Black Soil (Regur),Large Farmer,5.19,10.93,250000,Yes,National Mission on Natural Farming (NMNF),Horticulture & Plantation Loan,Pradhan Mantri Fasal Bima Yojana (PMFBY) - Yield-Based Cover,6.4
RULE0141,Small Holding Advisory Rule for Medium Farmer Growing Paddy,Paddy,Karnataka,Laterite Soil,Medium Farmer,2.33,5.56,300000,Yes,Telangana Micro Irrigation Project Subsidy,Warehouse Receipt / Post-Harvest Loan,Livestock Insurance Scheme,8.1
RULE0142,Government Scheme Trigger for Sugarcane Cultivation in Karnataka,Sugarcane,Karnataka,Red Soil,Marginal Farmer,0.15,1.2,500000,Yes,National Food Security Mission (NFSM),Warehouse Receipt / Post-Harvest Loan,Horticulture Crop Insurance Scheme,6.9
RULE0143,Subsidy & Credit Pathway for Tenant Farmer in Andhra Pradesh (Rule Variant 2),Groundnut,Andhra Pradesh,Loamy Soil,Tenant Farmer,0.99,2.91,250000,Yes,Telangana Farm Mechanization Scheme,Solar Pump / Renewable Energy Agri Loan,Private Comprehensive Crop Insurance Plan,9.6
RULE0144,Small Holding Advisory Rule for Marginal Farmer Growing Sugarcane (Rule Variant 2),Sugarcane,All India,Laterite Soil,Marginal Farmer,0.34,1.17,500000,Yes,Sub-Mission on Agricultural Mechanization (SMAM),Fisheries & Aquaculture Loan,Pradhan Mantri Fasal Bima Yojana (PMFBY) - Yield-Based Cover,5.3
RULE0145,Insurance Recommendation for Groundnut under Laterite Soil Conditions,Groundnut,Andhra Pradesh,Laterite Soil,Sharecropper,0.55,2.92,100000,Yes,Rythu Bima Life Insurance Scheme,Kisan Credit Card (KCC),Pradhan Mantri Fasal Bima Yojana (PMFBY) - Yield-Based Cover,8.0
RULE0146,Government Scheme Trigger for Horticulture Crops Cultivation in Andhra Pradesh,Horticulture Crops,Andhra Pradesh,Alluvial Soil,Small Farmer,1.34,2.22,100000,Yes,Pradhan Mantri Fasal Bima Yojana (PMFBY),Crop Loan (Seasonal Agricultural Operations),Livestock Insurance Scheme,8.2
RULE0147,Small Holding Advisory Rule for FPO Member Farmer Growing Soybean (Rule Variant 2),Soybean,Telangana,Clay Soil,FPO Member Farmer,0.17,10.04,300000,Yes,Rythu Bima Life Insurance Scheme,Micro Irrigation / Drip & Sprinkler Loan,Private Comprehensive Crop Insurance Plan,7.7
RULE0148,Small Holding Advisory Rule for Sharecropper Growing Vegetables,Vegetables,All India,Black Soil (Regur),Sharecropper,0.84,2.73,150000,Yes,Pradhan Mantri Matsya Sampada Yojana (PMMSY),Micro Irrigation / Drip & Sprinkler Loan,Private Comprehensive Crop Insurance Plan,6.8
RULE0149,Insurance Recommendation for Groundnut under Clay Soil Conditions,Groundnut,Telangana,Clay Soil,Marginal Farmer,0.49,1.44,200000,Yes,Pradhan Mantri Matsya Sampada Yojana (PMMSY),Fisheries & Aquaculture Loan,Private Comprehensive Crop Insurance Plan,9.9
RULE0150,Risk Cover Advisory for Women Farmer on Clay Soil,Chilli,Maharashtra,Clay Soil,Women Farmer,0.77,3.36,150000,Yes,Telangana Horticulture Mission,Micro Irrigation / Drip & Sprinkler Loan,Private Comprehensive Crop Insurance Plan,9.5
RULE0151,Subsidy & Credit Pathway for FPO Member Farmer in All India,Oilseeds,All India,Sandy Soil,FPO Member Farmer,0.38,10.16,250000,Yes,National Food Security Mission (NFSM),Fisheries & Aquaculture Loan,Horticulture Crop Insurance Scheme,9.1
RULE0152,Irrigation-Linked Scheme Match for All Crops on Sandy Soil,All Crops,Maharashtra,Sandy Soil,Small Farmer,1.16,2.57,150000,Yes,National Food Security Mission (NFSM),Solar Pump / Renewable Energy Agri Loan,Horticulture Crop Insurance Scheme,9.2
RULE0153,Small Holding Advisory Rule for Small Farmer Growing Paddy,Paddy,Maharashtra,Sandy Soil,Small Farmer,1.07,2.41,,No,Telangana Horticulture Mission,Horticulture & Plantation Loan,Pradhan Mantri Fasal Bima Yojana (PMFBY) - Yield-Based Cover,7.6
RULE0154,Irrigation-Linked Scheme Match for Sugarcane on Alluvial Soil,Sugarcane,Andhra Pradesh,Alluvial Soil,Large Farmer,5.24,10.69,500000,Yes,Pradhan Mantri Kisan Samman Nidhi (PM-KISAN),Farmer Producer Organisation (FPO) Term Loan,Private Comprehensive Crop Insurance Plan,6.6
RULE0155,Small Holding Advisory Rule for Large Farmer Growing Red Gram (Tur Dal),Red Gram (Tur Dal),Karnataka,Saline / Alkaline Soil,Large Farmer,5.46,10.33,300000,No,Telangana Horticulture Mission,Agri Infrastructure & Cold Storage Loan,Livestock Insurance Scheme,7.0
RULE0156,Small Holding Advisory Rule for Small Farmer Growing Soybean,Soybean,All India,Alluvial Soil,Small Farmer,1.25,2.27,250000,Yes,Micro Irrigation Fund (MIF),Dairy & Livestock Development Loan,Horticulture Crop Insurance Scheme,5.4
RULE0157,Priority Scheme Match for Vegetables Growers on Sandy Soil in Telangana,Vegetables,Telangana,Sandy Soil,Medium Farmer,2.29,5.08,,Yes,Mission for Integrated Development of Horticulture (MIDH),Farmer Producer Organisation (FPO) Term Loan,Livestock Insurance Scheme,5.4
RULE0158,Government Scheme Trigger for Turmeric Cultivation in Karnataka,Turmeric,Karnataka,Sandy Soil,Women Farmer,0.54,3.2,500000,Yes,Telangana Micro Irrigation Project Subsidy,Agri Infrastructure & Cold Storage Loan,Livestock Insurance Scheme,9.9
RULE0159,Loan Eligibility Check for Sharecropper Cultivating Banana,Banana,All India,Clay Soil,Sharecropper,0.87,2.48,100000,Yes,Pradhan Mantri Matsya Sampada Yojana (PMMSY),Fisheries & Aquaculture Loan,Private Comprehensive Crop Insurance Plan,7.3
RULE0160,Irrigation-Linked Scheme Match for Vegetables on Black Soil (Regur) (Rule Variant 2),Vegetables,All India,Black Soil (Regur),Sharecropper,0.74,2.99,,Yes,Pradhan Mantri Krishi Sinchayee Yojana (PMKSY),Gold Loan for Agricultural Purposes,Horticulture Crop Insurance Scheme,5.2
RULE0161,Subsidy & Credit Pathway for Large Farmer in Telangana,Paddy,Telangana,Sandy Soil,Large Farmer,5.27,10.1,250000,No,Pradhan Mantri Fasal Bima Yojana (PMFBY),Agri Infrastructure & Cold Storage Loan,Restructured Weather Based Crop Insurance Scheme (RWBCIS),8.7
RULE0162,Loan Eligibility Check for Small Farmer Cultivating Maize,Maize,Maharashtra,Loamy Soil,Small Farmer,1.46,2.44,100000,Yes,Mission for Integrated Development of Horticulture (MIDH),Agri Infrastructure & Cold Storage Loan,Pradhan Mantri Fasal Bima Yojana (PMFBY) - Yield-Based Cover,8.7
RULE0163,Subsidy & Credit Pathway for Small Farmer in Telangana (Rule Variant 2),Chilli,Telangana,Sandy Soil,Small Farmer,1.16,2.29,500000,Yes,Paramparagat Krishi Vikas Yojana (PKVY),Fisheries & Aquaculture Loan,Private Comprehensive Crop Insurance Plan,6.7
RULE0164,Loan Eligibility Check for Large Farmer Cultivating Mango,Mango,Maharashtra,Clay Soil,Large Farmer,5.15,10.84,250000,Yes,Pradhan Mantri Krishi Sinchayee Yojana (PMKSY),Farm Mechanization / Tractor Loan,Pradhan Mantri Fasal Bima Yojana (PMFBY) - Yield-Based Cover,7.1
RULE0165,Small Holding Advisory Rule for Tenant Farmer Growing Banana,Banana,Andhra Pradesh,Clay Soil,Tenant Farmer,0.7,2.84,100000,Yes,National Food Security Mission (NFSM),Farmer Producer Organisation (FPO) Term Loan,Horticulture Crop Insurance Scheme,6.9
RULE0166,Small Holding Advisory Rule for FPO Member Farmer Growing Wheat,Wheat,All India,Black Soil (Regur),FPO Member Farmer,0.34,10.59,150000,Yes,Rythu Bima Life Insurance Scheme,Farm Mechanization / Tractor Loan,Restructured Weather Based Crop Insurance Scheme (RWBCIS),5.6
RULE0167,Insurance Recommendation for Mango under Alluvial Soil Conditions,Mango,Telangana,Alluvial Soil,Large Farmer,5.24,10.59,200000,Yes,Rythu Bandhu Investment Support Scheme,Micro Irrigation / Drip & Sprinkler Loan,Restructured Weather Based Crop Insurance Scheme (RWBCIS),9.5
RULE0168,Irrigation-Linked Scheme Match for Grapes on Saline / Alkaline Soil (Rule Variant 2),Grapes,All India,Saline / Alkaline Soil,Small Farmer,1.31,2.83,300000,Yes,Mission for Integrated Development of Horticulture (MIDH),Solar Pump / Renewable Energy Agri Loan,Private Comprehensive Crop Insurance Plan,6.2
RULE0169,Government Scheme Trigger for Pulses Cultivation in Andhra Pradesh,Pulses,Andhra Pradesh,Laterite Soil,Large Farmer,5.04,10.84,200000,Yes,Telangana Farm Mechanization Scheme,Solar Pump / Renewable Energy Agri Loan,Livestock Insurance Scheme,8.6
RULE0170,Small Holding Advisory Rule for Marginal Farmer Growing Wheat,Wheat,Andhra Pradesh,Sandy Soil,Marginal Farmer,0.18,1.32,,Yes,Telangana Organic Farming Promotion Scheme,Micro Irrigation / Drip & Sprinkler Loan,Horticulture Crop Insurance Scheme,6.1
RULE0171,Insurance Recommendation for Cotton under Sandy Soil Conditions,Cotton,Karnataka,Sandy Soil,Medium Farmer,2.13,5.11,200000,Yes,Rythu Bima Life Insurance Scheme,Solar Pump / Renewable Energy Agri Loan,Horticulture Crop Insurance Scheme,5.8
RULE0172,Priority Scheme Match for Soybean Growers on Laterite Soil in Karnataka,Soybean,Karnataka,Laterite Soil,Sharecropper,0.79,2.01,500000,Yes,Paramparagat Krishi Vikas Yojana (PKVY),Gold Loan for Agricultural Purposes,Livestock Insurance Scheme,7.3
RULE0173,Irrigation-Linked Scheme Match for Paddy on Saline / Alkaline Soil (Rule Variant 2),Paddy,Andhra Pradesh,Saline / Alkaline Soil,Small Farmer,1.07,2.69,250000,Yes,National Livestock Mission,Agri Infrastructure & Cold Storage Loan,Restructured Weather Based Crop Insurance Scheme (RWBCIS),7.1
RULE0174,Priority Scheme Match for Groundnut Growers on Sandy Soil in Andhra Pradesh,Groundnut,Andhra Pradesh,Sandy Soil,Small Farmer,1.16,2.95,,Yes,Rashtriya Krishi Vikas Yojana (RKVY),Gold Loan for Agricultural Purposes,Pradhan Mantri Fasal Bima Yojana (PMFBY) - Yield-Based Cover,8.7
RULE0175,Insurance Recommendation for All Crops under Alluvial Soil Conditions,All Crops,Telangana,Alluvial Soil,FPO Member Farmer,0.42,10.4,250000,Yes,Telangana Farm Mechanization Scheme,Warehouse Receipt / Post-Harvest Loan,Pradhan Mantri Fasal Bima Yojana (PMFBY) - Yield-Based Cover,6.6
RULE0176,Small Holding Advisory Rule for Medium Farmer Growing Oilseeds,Oilseeds,All India,Black Soil (Regur),Medium Farmer,2.41,5.87,500000,Yes,Micro Irrigation Fund (MIF),Farm Mechanization / Tractor Loan,Pradhan Mantri Fasal Bima Yojana (PMFBY) - Yield-Based Cover,9.2
RULE0177,Government Scheme Trigger for Chickpea (Gram) Cultivation in Andhra Pradesh,Chickpea (Gram),Andhra Pradesh,Alluvial Soil,Large Farmer,5.36,10.55,,Yes,National Mission on Natural Farming (NMNF),Agri Infrastructure & Cold Storage Loan,Pradhan Mantri Fasal Bima Yojana (PMFBY) - Yield-Based Cover,7.1
RULE0178,Subsidy & Credit Pathway for FPO Member Farmer in Telangana,Vegetables,Telangana,Laterite Soil,FPO Member Farmer,0.05,10.28,150000,Yes,National Food Security Mission (NFSM),Gold Loan for Agricultural Purposes,Horticulture Crop Insurance Scheme,9.0
RULE0179,Priority Scheme Match for Sugarcane Growers on Sandy Soil in Andhra Pradesh,Sugarcane,Andhra Pradesh,Sandy Soil,Large Farmer,5.43,10.46,300000,No,Rythu Bandhu Investment Support Scheme,Crop Loan (Seasonal Agricultural Operations),Pradhan Mantri Fasal Bima Yojana (PMFBY) - Yield-Based Cover,9.7
RULE0180,Subsidy & Credit Pathway for FPO Member Farmer in Karnataka (Rule Variant 2),Millets (Jowar/Bajra),Karnataka,Loamy Soil,FPO Member Farmer,0.09,10.05,100000,Yes,Rythu Bandhu Investment Support Scheme,Agri Infrastructure & Cold Storage Loan,Restructured Weather Based Crop Insurance Scheme (RWBCIS),5.1
RULE0181,Small Holding Advisory Rule for Medium Farmer Growing Groundnut,Groundnut,Andhra Pradesh,Laterite Soil,Medium Farmer,2.12,5.62,500000,Yes,Mission Kakatiya (Tank Restoration for Irrigation),Solar Pump / Renewable Energy Agri Loan,Horticulture Crop Insurance Scheme,5.3
RULE0182,Priority Scheme Match for Turmeric Growers on Red Soil in Maharashtra,Turmeric,Maharashtra,Red Soil,Tenant Farmer,0.88,2.77,100000,Yes,Pradhan Mantri Matsya Sampada Yojana (PMMSY),Horticulture & Plantation Loan,Livestock Insurance Scheme,6.1
RULE0183,Government Scheme Trigger for Red Gram (Tur Dal) Cultivation in Telangana,Red Gram (Tur Dal),Telangana,Saline / Alkaline Soil,Women Farmer,0.55,3.8,150000,Yes,Rythu Bima Life Insurance Scheme,Solar Pump / Renewable Energy Agri Loan,Pradhan Mantri Fasal Bima Yojana (PMFBY) - Yield-Based Cover,10.0
RULE0184,Insurance Recommendation for Banana under Laterite Soil Conditions,Banana,Andhra Pradesh,Laterite Soil,Large Farmer,5.06,10.15,200000,Yes,Micro Irrigation Fund (MIF),Warehouse Receipt / Post-Harvest Loan,Pradhan Mantri Fasal Bima Yojana (PMFBY) - Yield-Based Cover,5.6
RULE0185,Irrigation-Linked Scheme Match for Wheat on Red Soil,Wheat,Maharashtra,Red Soil,Large Farmer,5.16,10.81,100000,Yes,Soil Health Card Scheme,Gold Loan for Agricultural Purposes,Horticulture Crop Insurance Scheme,9.7
RULE0186,Risk Cover Advisory for Small Farmer on Black Soil (Regur),Turmeric,Maharashtra,Black Soil (Regur),Small Farmer,1.07,2.14,200000,Yes,Pradhan Mantri Krishi Sinchayee Yojana (PMKSY),Farmer Producer Organisation (FPO) Term Loan,Pradhan Mantri Fasal Bima Yojana (PMFBY) - Yield-Based Cover,7.2
RULE0187,Irrigation-Linked Scheme Match for Soybean on Clay Soil,Soybean,Telangana,Clay Soil,Marginal Farmer,0.03,1.51,100000,Yes,Rythu Bandhu Investment Support Scheme,Farm Mechanization / Tractor Loan,Private Comprehensive Crop Insurance Plan,8.6
RULE0188,Subsidy & Credit Pathway for Medium Farmer in Maharashtra (Rule Variant 2),All Crops,Maharashtra,Laterite Soil,Medium Farmer,2.16,5.67,200000,Yes,Micro Irrigation Fund (MIF),Gold Loan for Agricultural Purposes,Private Comprehensive Crop Insurance Plan,8.6
RULE0189,Subsidy & Credit Pathway for Large Farmer in Andhra Pradesh (Rule Variant 2),Paddy,Andhra Pradesh,Red Soil,Large Farmer,5.08,10.08,200000,Yes,National Food Security Mission (NFSM),Solar Pump / Renewable Energy Agri Loan,Pradhan Mantri Fasal Bima Yojana (PMFBY) - Yield-Based Cover,7.0
RULE0190,Priority Scheme Match for All Crops Growers on Laterite Soil in Maharashtra,All Crops,Maharashtra,Laterite Soil,FPO Member Farmer,0.02,10.08,150000,No,Rythu Bandhu Investment Support Scheme,Farm Mechanization / Tractor Loan,Restructured Weather Based Crop Insurance Scheme (RWBCIS),8.7
RULE0191,Subsidy & Credit Pathway for Women Farmer in Maharashtra,Chilli,Maharashtra,Black Soil (Regur),Women Farmer,0.97,3.15,200000,Yes,PM Kusum Scheme (Solar Pump & Grid Connected Plants),Warehouse Receipt / Post-Harvest Loan,Private Comprehensive Crop Insurance Plan,9.4
RULE0192,Irrigation-Linked Scheme Match for Red Gram (Tur Dal) on Laterite Soil,Red Gram (Tur Dal),Karnataka,Laterite Soil,FPO Member Farmer,0.4,10.15,150000,No,Pradhan Mantri Fasal Bima Yojana (PMFBY),Agri Infrastructure & Cold Storage Loan,Restructured Weather Based Crop Insurance Scheme (RWBCIS),6.6
RULE0193,Priority Scheme Match for Millets (Jowar/Bajra) Growers on Loamy Soil in All India,Millets (Jowar/Bajra),All India,Loamy Soil,Sharecropper,0.84,2.04,500000,No,Telangana Organic Farming Promotion Scheme,Crop Loan (Seasonal Agricultural Operations),Livestock Insurance Scheme,7.6
RULE0194,Insurance Recommendation for Chickpea (Gram) under Alluvial Soil Conditions,Chickpea (Gram),Telangana,Alluvial Soil,Small Farmer,1.17,2.35,150000,Yes,Mission for Integrated Development of Horticulture (MIDH),Gold Loan for Agricultural Purposes,Horticulture Crop Insurance Scheme,7.2
RULE0195,Loan Eligibility Check for Large Farmer Cultivating Grapes,Grapes,Maharashtra,Saline / Alkaline Soil,Large Farmer,5.48,10.4,250000,Yes,Sub-Mission on Agricultural Mechanization (SMAM),Fisheries & Aquaculture Loan,Horticulture Crop Insurance Scheme,6.8
RULE0196,Loan Eligibility Check for FPO Member Farmer Cultivating Horticulture Crops,Horticulture Crops,Maharashtra,Sandy Soil,FPO Member Farmer,0.3,10.27,250000,Yes,National Food Security Mission (NFSM),Farm Mechanization / Tractor Loan,Livestock Insurance Scheme,7.1
RULE0197,Government Scheme Trigger for Horticulture Crops Cultivation in Telangana (Rule Variant 2),Horticulture Crops,Telangana,Black Soil (Regur),Tenant Farmer,0.93,2.99,250000,Yes,Pradhan Mantri Matsya Sampada Yojana (PMMSY),Warehouse Receipt / Post-Harvest Loan,Livestock Insurance Scheme,5.8
RULE0198,Priority Scheme Match for Soybean Growers on Black Soil (Regur) in Andhra Pradesh,Soybean,Andhra Pradesh,Black Soil (Regur),Marginal Farmer,0.48,1.32,,No,"Formation and Promotion of 10,000 FPOs Scheme",Farmer Producer Organisation (FPO) Term Loan,Horticulture Crop Insurance Scheme,7.1
RULE0199,Priority Scheme Match for Chickpea (Gram) Growers on Clay Soil in All India,Chickpea (Gram),All India,Clay Soil,Tenant Farmer,0.8,3.41,500000,Yes,Sub-Mission on Agricultural Mechanization (SMAM),Gold Loan for Agricultural Purposes,Livestock Insurance Scheme,7.8
RULE0200,Government Scheme Trigger for Paddy Cultivation in Telangana,Paddy,Telangana,Alluvial Soil,Tenant Farmer,0.83,2.59,300000,Yes,Telangana Farm Mechanization Scheme,Solar Pump / Renewable Energy Agri Loan,Private Comprehensive Crop Insurance Plan,8.7
RULE0201,Irrigation-Linked Scheme Match for Grapes on Clay Soil,Grapes,Telangana,Clay Soil,FPO Member Farmer,0.26,10.52,,Yes,Telangana Organic Farming Promotion Scheme,Warehouse Receipt / Post-Harvest Loan,Restructured Weather Based Crop Insurance Scheme (RWBCIS),9.8
RULE0202,Irrigation-Linked Scheme Match for Cotton on Loamy Soil,Cotton,Karnataka,Loamy Soil,Marginal Farmer,0.03,1.14,500000,No,National Mission on Natural Farming (NMNF),Crop Loan (Seasonal Agricultural Operations),Restructured Weather Based Crop Insurance Scheme (RWBCIS),8.9
RULE0203,Risk Cover Advisory for Tenant Farmer on Black Soil (Regur),Sugarcane,Maharashtra,Black Soil (Regur),Tenant Farmer,0.66,3.09,,No,Telangana Millet Mission,Agri Infrastructure & Cold Storage Loan,Private Comprehensive Crop Insurance Plan,9.4
RULE0204,Small Holding Advisory Rule for Large Farmer Growing Chilli,Chilli,Telangana,Black Soil (Regur),Large Farmer,5.04,10.4,100000,No,Soil Health Card Scheme,Crop Loan (Seasonal Agricultural Operations),Livestock Insurance Scheme,6.6
RULE0205,Insurance Recommendation for Banana under Saline / Alkaline Soil Conditions,Banana,Andhra Pradesh,Saline / Alkaline Soil,Large Farmer,5.44,10.16,250000,Yes,"Formation and Promotion of 10,000 FPOs Scheme",Kisan Credit Card (KCC),Private Comprehensive Crop Insurance Plan,8.5
RULE0206,Loan Eligibility Check for Marginal Farmer Cultivating Soybean,Soybean,Telangana,Sandy Soil,Marginal Farmer,0.06,1.87,300000,No,Mission for Integrated Development of Horticulture (MIDH),Micro Irrigation / Drip & Sprinkler Loan,Private Comprehensive Crop Insurance Plan,6.5
RULE0207,Subsidy & Credit Pathway for Women Farmer in Telangana (Rule Variant 3),Millets (Jowar/Bajra),Telangana,Alluvial Soil,Women Farmer,0.8,3.28,,Yes,Micro Irrigation Fund (MIF),Fisheries & Aquaculture Loan,Private Comprehensive Crop Insurance Plan,5.3
RULE0208,Government Scheme Trigger for Paddy Cultivation in Karnataka,Paddy,Karnataka,Loamy Soil,Tenant Farmer,0.85,2.52,,Yes,National Livestock Mission,Agri Infrastructure & Cold Storage Loan,Pradhan Mantri Fasal Bima Yojana (PMFBY) - Yield-Based Cover,9.2
RULE0209,Priority Scheme Match for Mango Growers on Black Soil (Regur) in Andhra Pradesh,Mango,Andhra Pradesh,Black Soil (Regur),Marginal Farmer,0.25,1.27,,No,Pradhan Mantri Kisan Samman Nidhi (PM-KISAN),Farmer Producer Organisation (FPO) Term Loan,Livestock Insurance Scheme,9.1
RULE0210,Subsidy & Credit Pathway for FPO Member Farmer in Maharashtra,Mango,Maharashtra,Black Soil (Regur),FPO Member Farmer,0.35,10.84,150000,Yes,Rythu Bima Life Insurance Scheme,Warehouse Receipt / Post-Harvest Loan,Horticulture Crop Insurance Scheme,8.6
RULE0211,Government Scheme Trigger for Wheat Cultivation in All India,Wheat,All India,Sandy Soil,Medium Farmer,2.4,5.33,100000,Yes,Pradhan Mantri Kisan Samman Nidhi (PM-KISAN),Horticulture & Plantation Loan,Restructured Weather Based Crop Insurance Scheme (RWBCIS),7.8
RULE0212,Priority Scheme Match for Paddy Growers on Red Soil in Karnataka,Paddy,Karnataka,Red Soil,FPO Member Farmer,0.21,10.17,200000,Yes,Soil Health Card Scheme,Agri Infrastructure & Cold Storage Loan,Restructured Weather Based Crop Insurance Scheme (RWBCIS),8.7
RULE0213,Subsidy & Credit Pathway for Marginal Farmer in Telangana,Paddy,Telangana,Clay Soil,Marginal Farmer,0.12,1.4,150000,Yes,Pradhan Mantri Matsya Sampada Yojana (PMMSY),Agri Infrastructure & Cold Storage Loan,Private Comprehensive Crop Insurance Plan,8.5
RULE0214,Government Scheme Trigger for Soybean Cultivation in Karnataka,Soybean,Karnataka,Clay Soil,FPO Member Farmer,0.19,10.66,500000,Yes,Pradhan Mantri Matsya Sampada Yojana (PMMSY),Kisan Credit Card (KCC),Restructured Weather Based Crop Insurance Scheme (RWBCIS),6.9
RULE0215,Irrigation-Linked Scheme Match for Paddy on Saline / Alkaline Soil (Rule Variant 3),Paddy,All India,Saline / Alkaline Soil,Small Farmer,1.35,2.59,500000,Yes,Pradhan Mantri Fasal Bima Yojana (PMFBY),Fisheries & Aquaculture Loan,Restructured Weather Based Crop Insurance Scheme (RWBCIS),5.6
RULE0216,Subsidy & Credit Pathway for Women Farmer in Telangana (Rule Variant 4),Soybean,Telangana,Loamy Soil,Women Farmer,0.62,3.26,500000,Yes,Mission for Integrated Development of Horticulture (MIDH),Horticulture & Plantation Loan,Private Comprehensive Crop Insurance Plan,5.5
RULE0217,Priority Scheme Match for Vegetables Growers on Laterite Soil in Andhra Pradesh (Rule Variant 2),Vegetables,Andhra Pradesh,Laterite Soil,Medium Farmer,2.44,5.86,500000,Yes,Paramparagat Krishi Vikas Yojana (PKVY),Horticulture & Plantation Loan,Private Comprehensive Crop Insurance Plan,9.0
RULE0218,Subsidy & Credit Pathway for Small Farmer in Karnataka,All Crops,Karnataka,Saline / Alkaline Soil,Small Farmer,1.3,2.38,150000,No,Pradhan Mantri Fasal Bima Yojana (PMFBY),Warehouse Receipt / Post-Harvest Loan,Private Comprehensive Crop Insurance Plan,7.5
RULE0219,Insurance Recommendation for Chilli under Saline / Alkaline Soil Conditions,Chilli,All India,Saline / Alkaline Soil,Women Farmer,0.56,3.01,150000,Yes,Rashtriya Krishi Vikas Yojana (RKVY),Micro Irrigation / Drip & Sprinkler Loan,Livestock Insurance Scheme,7.3
RULE0220,Irrigation-Linked Scheme Match for Cotton on Red Soil (Rule Variant 2),Cotton,Andhra Pradesh,Red Soil,Large Farmer,5.44,10.71,150000,Yes,Micro Irrigation Fund (MIF),Farm Mechanization / Tractor Loan,Private Comprehensive Crop Insurance Plan,5.0
RULE0221,Priority Scheme Match for Millets (Jowar/Bajra) Growers on Loamy Soil in Karnataka,Millets (Jowar/Bajra),Karnataka,Loamy Soil,Medium Farmer,2.17,5.41,300000,Yes,Rashtriya Krishi Vikas Yojana (RKVY),Farmer Producer Organisation (FPO) Term Loan,Pradhan Mantri Fasal Bima Yojana (PMFBY) - Yield-Based Cover,5.9
RULE0222,Small Holding Advisory Rule for Small Farmer Growing Sugarcane,Sugarcane,Andhra Pradesh,Alluvial Soil,Small Farmer,1.33,2.34,100000,No,Pradhan Mantri Fasal Bima Yojana (PMFBY),Horticulture & Plantation Loan,Livestock Insurance Scheme,6.6
RULE0223,Irrigation-Linked Scheme Match for Turmeric on Laterite Soil,Turmeric,Andhra Pradesh,Laterite Soil,Women Farmer,0.57,3.91,250000,Yes,National Food Security Mission (NFSM),Horticulture & Plantation Loan,Pradhan Mantri Fasal Bima Yojana (PMFBY) - Yield-Based Cover,8.3
RULE0224,Government Scheme Trigger for Vegetables Cultivation in Andhra Pradesh,Vegetables,Andhra Pradesh,Saline / Alkaline Soil,Small Farmer,1.38,2.06,250000,Yes,Pradhan Mantri Fasal Bima Yojana (PMFBY),Solar Pump / Renewable Energy Agri Loan,Livestock Insurance Scheme,6.0
RULE0225,Risk Cover Advisory for Large Farmer on Sandy Soil,Millets (Jowar/Bajra),All India,Sandy Soil,Large Farmer,5.16,10.16,200000,Yes,Telangana Millet Mission,Farmer Producer Organisation (FPO) Term Loan,Horticulture Crop Insurance Scheme,5.8
RULE0226,Insurance Recommendation for Wheat under Sandy Soil Conditions,Wheat,Maharashtra,Sandy Soil,Women Farmer,0.77,3.42,200000,Yes,Telangana Organic Farming Promotion Scheme,Micro Irrigation / Drip & Sprinkler Loan,Horticulture Crop Insurance Scheme,5.4
RULE0227,Subsidy & Credit Pathway for FPO Member Farmer in Telangana (Rule Variant 2),Millets (Jowar/Bajra),Telangana,Sandy Soil,FPO Member Farmer,0.34,10.59,500000,No,Mission Kakatiya (Tank Restoration for Irrigation),Crop Loan (Seasonal Agricultural Operations),Restructured Weather Based Crop Insurance Scheme (RWBCIS),7.6
RULE0228,Subsidy & Credit Pathway for FPO Member Farmer in Telangana (Rule Variant 3),Chilli,Telangana,Red Soil,FPO Member Farmer,0.2,10.12,,Yes,Telangana Horticulture Mission,Farm Mechanization / Tractor Loan,Horticulture Crop Insurance Scheme,9.4
RULE0229,Government Scheme Trigger for Red Gram (Tur Dal) Cultivation in Maharashtra,Red Gram (Tur Dal),Maharashtra,Saline / Alkaline Soil,Small Farmer,1.33,2.06,200000,Yes,Telangana Horticulture Mission,Farmer Producer Organisation (FPO) Term Loan,Horticulture Crop Insurance Scheme,6.3
RULE0230,Priority Scheme Match for Vegetables Growers on Saline / Alkaline Soil in Andhra Pradesh,Vegetables,Andhra Pradesh,Saline / Alkaline Soil,Women Farmer,0.77,3.54,250000,Yes,Micro Irrigation Fund (MIF),Kisan Credit Card (KCC),Pradhan Mantri Fasal Bima Yojana (PMFBY) - Yield-Based Cover,9.0
RULE0231,Small Holding Advisory Rule for Tenant Farmer Growing Oilseeds,Oilseeds,Andhra Pradesh,Laterite Soil,Tenant Farmer,0.81,2.95,250000,Yes,Rashtriya Krishi Vikas Yojana (RKVY),Agri Infrastructure & Cold Storage Loan,Livestock Insurance Scheme,7.1
RULE0232,Risk Cover Advisory for Large Farmer on Sandy Soil (Rule Variant 2),Horticulture Crops,Maharashtra,Sandy Soil,Large Farmer,5.42,10.07,,Yes,Rythu Bandhu Investment Support Scheme,Warehouse Receipt / Post-Harvest Loan,Pradhan Mantri Fasal Bima Yojana (PMFBY) - Yield-Based Cover,5.9
RULE0233,Priority Scheme Match for Maize Growers on Saline / Alkaline Soil in Andhra Pradesh,Maize,Andhra Pradesh,Saline / Alkaline Soil,Marginal Farmer,0.17,1.37,250000,Yes,Rashtriya Krishi Vikas Yojana (RKVY),Dairy & Livestock Development Loan,Private Comprehensive Crop Insurance Plan,8.6
RULE0234,Subsidy & Credit Pathway for Small Farmer in Maharashtra (Rule Variant 2),Turmeric,Maharashtra,Saline / Alkaline Soil,Small Farmer,1.07,2.79,300000,Yes,Pradhan Mantri Krishi Sinchayee Yojana (PMKSY),Gold Loan for Agricultural Purposes,Livestock Insurance Scheme,8.8
RULE0235,Insurance Recommendation for Pulses under Sandy Soil Conditions,Pulses,All India,Sandy Soil,Large Farmer,5.36,10.91,300000,Yes,Rythu Bandhu Investment Support Scheme,Kisan Credit Card (KCC),Horticulture Crop Insurance Scheme,9.8
RULE0236,Priority Scheme Match for All Crops Growers on Saline / Alkaline Soil in Karnataka,All Crops,Karnataka,Saline / Alkaline Soil,Sharecropper,0.99,2.69,500000,Yes,Pradhan Mantri Kisan Samman Nidhi (PM-KISAN),Farmer Producer Organisation (FPO) Term Loan,Livestock Insurance Scheme,5.4
RULE0237,Subsidy & Credit Pathway for Small Farmer in Telangana (Rule Variant 3),Soybean,Telangana,Sandy Soil,Small Farmer,1.4,2.04,,Yes,Telangana Millet Mission,Crop Loan (Seasonal Agricultural Operations),Private Comprehensive Crop Insurance Plan,5.3
RULE0238,Risk Cover Advisory for Women Farmer on Laterite Soil (Rule Variant 2),Pulses,All India,Laterite Soil,Women Farmer,0.76,3.11,250000,Yes,Mission for Integrated Development of Horticulture (MIDH),Warehouse Receipt / Post-Harvest Loan,Private Comprehensive Crop Insurance Plan,8.9
RULE0239,Insurance Recommendation for Pulses under Black Soil (Regur) Conditions,Pulses,Karnataka,Black Soil (Regur),Marginal Farmer,0.22,1.18,100000,Yes,PM Kusum Scheme (Solar Pump & Grid Connected Plants),Kisan Credit Card (KCC),Private Comprehensive Crop Insurance Plan,6.3
RULE0240,Risk Cover Advisory for Marginal Farmer on Sandy Soil,Paddy,Andhra Pradesh,Sandy Soil,Marginal Farmer,0.13,1.98,250000,Yes,National Mission on Natural Farming (NMNF),Fisheries & Aquaculture Loan,Pradhan Mantri Fasal Bima Yojana (PMFBY) - Yield-Based Cover,5.5
RULE0241,Loan Eligibility Check for Tenant Farmer Cultivating Banana,Banana,Telangana,Saline / Alkaline Soil,Tenant Farmer,0.56,2.6,250000,Yes,Telangana Micro Irrigation Project Subsidy,Dairy & Livestock Development Loan,Private Comprehensive Crop Insurance Plan,6.2
RULE0242,Subsidy & Credit Pathway for Small Farmer in All India,Turmeric,All India,Red Soil,Small Farmer,1.27,2.2,200000,Yes,Telangana Micro Irrigation Project Subsidy,Crop Loan (Seasonal Agricultural Operations),Pradhan Mantri Fasal Bima Yojana (PMFBY) - Yield-Based Cover,8.0
RULE0243,Risk Cover Advisory for Medium Farmer on Black Soil (Regur),Turmeric,Karnataka,Black Soil (Regur),Medium Farmer,2.45,5.53,,No,"Formation and Promotion of 10,000 FPOs Scheme",Dairy & Livestock Development Loan,Livestock Insurance Scheme,8.3
RULE0244,Insurance Recommendation for Red Gram (Tur Dal) under Saline / Alkaline Soil Conditions,Red Gram (Tur Dal),Maharashtra,Saline / Alkaline Soil,Medium Farmer,2.19,5.35,,Yes,National Mission on Natural Farming (NMNF),Micro Irrigation / Drip & Sprinkler Loan,Pradhan Mantri Fasal Bima Yojana (PMFBY) - Yield-Based Cover,8.1
RULE0245,Loan Eligibility Check for Sharecropper Cultivating Oilseeds,Oilseeds,Telangana,Saline / Alkaline Soil,Sharecropper,0.82,2.73,250000,Yes,Pradhan Mantri Krishi Sinchayee Yojana (PMKSY),Warehouse Receipt / Post-Harvest Loan,Horticulture Crop Insurance Scheme,6.8
RULE0246,Small Holding Advisory Rule for Medium Farmer Growing Banana,Banana,Maharashtra,Laterite Soil,Medium Farmer,2.43,5.17,,Yes,Mission for Integrated Development of Horticulture (MIDH),Farm Mechanization / Tractor Loan,Restructured Weather Based Crop Insurance Scheme (RWBCIS),8.1
RULE0247,Irrigation-Linked Scheme Match for Turmeric on Sandy Soil,Turmeric,Maharashtra,Sandy Soil,Small Farmer,1.11,3.0,200000,Yes,Telangana Millet Mission,Kisan Credit Card (KCC),Private Comprehensive Crop Insurance Plan,7.2
RULE0248,Government Scheme Trigger for Chilli Cultivation in All India,Chilli,All India,Loamy Soil,Tenant Farmer,0.57,2.96,200000,Yes,Telangana Organic Farming Promotion Scheme,Solar Pump / Renewable Energy Agri Loan,Horticulture Crop Insurance Scheme,8.7
RULE0249,Priority Scheme Match for Mango Growers on Red Soil in Maharashtra,Mango,Maharashtra,Red Soil,Tenant Farmer,0.65,2.69,100000,Yes,Sub-Mission on Agricultural Mechanization (SMAM),Warehouse Receipt / Post-Harvest Loan,Pradhan Mantri Fasal Bima Yojana (PMFBY) - Yield-Based Cover,5.7
RULE0250,Insurance Recommendation for All Crops under Alluvial Soil Conditions (Rule Variant 2),All Crops,All India,Alluvial Soil,Sharecropper,0.87,2.99,150000,No,Telangana Farm Mechanization Scheme,Farmer Producer Organisation (FPO) Term Loan,Private Comprehensive Crop Insurance Plan,9.0
RULE0251,Priority Scheme Match for Vegetables Growers on Red Soil in All India,Vegetables,All India,Red Soil,Marginal Farmer,0.42,1.75,200000,Yes,Telangana Horticulture Mission,Gold Loan for Agricultural Purposes,Livestock Insurance Scheme,5.2
RULE0252,Government Scheme Trigger for Mango Cultivation in Andhra Pradesh,Mango,Andhra Pradesh,Saline / Alkaline Soil,Women Farmer,0.75,3.58,,Yes,Mission Kakatiya (Tank Restoration for Irrigation),Agri Infrastructure & Cold Storage Loan,Livestock Insurance Scheme,8.1
RULE0253,Loan Eligibility Check for FPO Member Farmer Cultivating Horticulture Crops (Rule Variant 2),Horticulture Crops,All India,Saline / Alkaline Soil,FPO Member Farmer,0.28,10.3,500000,Yes,Telangana Horticulture Mission,Farmer Producer Organisation (FPO) Term Loan,Restructured Weather Based Crop Insurance Scheme (RWBCIS),9.9
RULE0254,Small Holding Advisory Rule for Tenant Farmer Growing Groundnut,Groundnut,Telangana,Sandy Soil,Tenant Farmer,0.95,3.11,150000,No,National Livestock Mission,Agri Infrastructure & Cold Storage Loan,Pradhan Mantri Fasal Bima Yojana (PMFBY) - Yield-Based Cover,9.8
RULE0255,Risk Cover Advisory for Marginal Farmer on Loamy Soil,Vegetables,Karnataka,Loamy Soil,Marginal Farmer,0.09,1.44,,Yes,Pradhan Mantri Matsya Sampada Yojana (PMMSY),Crop Loan (Seasonal Agricultural Operations),Horticulture Crop Insurance Scheme,8.4
RULE0256,Government Scheme Trigger for Turmeric Cultivation in Karnataka (Rule Variant 2),Turmeric,Karnataka,Saline / Alkaline Soil,FPO Member Farmer,0.4,10.02,500000,Yes,Sub-Mission on Agricultural Mechanization (SMAM),Crop Loan (Seasonal Agricultural Operations),Restructured Weather Based Crop Insurance Scheme (RWBCIS),8.8
RULE0257,Risk Cover Advisory for Sharecropper on Saline / Alkaline Soil,All Crops,Maharashtra,Saline / Alkaline Soil,Sharecropper,0.86,2.41,250000,No,Soil Health Card Scheme,Kisan Credit Card (KCC),Horticulture Crop Insurance Scheme,9.4
RULE0258,Small Holding Advisory Rule for Large Farmer Growing Oilseeds,Oilseeds,Andhra Pradesh,Laterite Soil,Large Farmer,5.22,10.38,250000,Yes,Pradhan Mantri Matsya Sampada Yojana (PMMSY),Kisan Credit Card (KCC),Horticulture Crop Insurance Scheme,8.4
RULE0259,Government Scheme Trigger for Grapes Cultivation in Telangana,Grapes,Telangana,Black Soil (Regur),Tenant Farmer,0.75,3.16,200000,Yes,Telangana Micro Irrigation Project Subsidy,Warehouse Receipt / Post-Harvest Loan,Pradhan Mantri Fasal Bima Yojana (PMFBY) - Yield-Based Cover,6.9
RULE0260,Irrigation-Linked Scheme Match for Pulses on Loamy Soil,Pulses,Karnataka,Loamy Soil,FPO Member Farmer,0.11,10.82,150000,Yes,Telangana Farm Mechanization Scheme,Kisan Credit Card (KCC),Restructured Weather Based Crop Insurance Scheme (RWBCIS),9.1
RULE0261,Government Scheme Trigger for Maize Cultivation in Andhra Pradesh (Rule Variant 2),Maize,Andhra Pradesh,Alluvial Soil,Marginal Farmer,0.14,1.7,150000,Yes,Sub-Mission on Agricultural Mechanization (SMAM),Horticulture & Plantation Loan,Livestock Insurance Scheme,8.6
RULE0262,Loan Eligibility Check for Tenant Farmer Cultivating Maize (Rule Variant 2),Maize,Andhra Pradesh,Sandy Soil,Tenant Farmer,0.85,3.1,200000,Yes,National Livestock Mission,Fisheries & Aquaculture Loan,Pradhan Mantri Fasal Bima Yojana (PMFBY) - Yield-Based Cover,5.3
RULE0263,Irrigation-Linked Scheme Match for Maize on Laterite Soil,Maize,Telangana,Laterite Soil,Sharecropper,0.99,2.57,100000,Yes,Pradhan Mantri Krishi Sinchayee Yojana (PMKSY),Farm Mechanization / Tractor Loan,Restructured Weather Based Crop Insurance Scheme (RWBCIS),8.6
RULE0264,Loan Eligibility Check for Small Farmer Cultivating Chilli,Chilli,All India,Red Soil,Small Farmer,1.41,2.93,500000,Yes,PM Kusum Scheme (Solar Pump & Grid Connected Plants),Farm Mechanization / Tractor Loan,Private Comprehensive Crop Insurance Plan,9.1
RULE0265,Small Holding Advisory Rule for FPO Member Farmer Growing Chilli,Chilli,All India,Black Soil (Regur),FPO Member Farmer,0.43,10.96,100000,Yes,Telangana Horticulture Mission,Dairy & Livestock Development Loan,Livestock Insurance Scheme,9.6
RULE0266,Risk Cover Advisory for Small Farmer on Loamy Soil,Groundnut,Maharashtra,Loamy Soil,Small Farmer,1.23,2.88,100000,Yes,Pradhan Mantri Fasal Bima Yojana (PMFBY),Horticulture & Plantation Loan,Private Comprehensive Crop Insurance Plan,8.4
RULE0267,Government Scheme Trigger for Soybean Cultivation in Maharashtra (Rule Variant 3),Soybean,Maharashtra,Clay Soil,Large Farmer,5.23,10.8,200000,Yes,Sub-Mission on Agricultural Mechanization (SMAM),Dairy & Livestock Development Loan,Restructured Weather Based Crop Insurance Scheme (RWBCIS),6.8
RULE0268,Priority Scheme Match for Paddy Growers on Loamy Soil in Telangana,Paddy,Telangana,Loamy Soil,Small Farmer,1.44,2.36,100000,Yes,Mission Kakatiya (Tank Restoration for Irrigation),Horticulture & Plantation Loan,Private Comprehensive Crop Insurance Plan,6.0
RULE0269,Risk Cover Advisory for Sharecropper on Red Soil,Oilseeds,Karnataka,Red Soil,Sharecropper,0.63,2.1,150000,No,Mission Kakatiya (Tank Restoration for Irrigation),Micro Irrigation / Drip & Sprinkler Loan,Private Comprehensive Crop Insurance Plan,9.1
RULE0270,Small Holding Advisory Rule for Tenant Farmer Growing Groundnut (Rule Variant 2),Groundnut,Karnataka,Black Soil (Regur),Tenant Farmer,0.65,3.46,250000,Yes,PM Kusum Scheme (Solar Pump & Grid Connected Plants),Horticulture & Plantation Loan,Private Comprehensive Crop Insurance Plan,9.4
RULE0271,Government Scheme Trigger for Wheat Cultivation in All India (Rule Variant 2),Wheat,All India,Red Soil,Sharecropper,0.87,2.34,300000,Yes,Mission Kakatiya (Tank Restoration for Irrigation),Dairy & Livestock Development Loan,Pradhan Mantri Fasal Bima Yojana (PMFBY) - Yield-Based Cover,7.5
RULE0272,Loan Eligibility Check for Small Farmer Cultivating Soybean,Soybean,Andhra Pradesh,Red Soil,Small Farmer,1.15,2.61,300000,Yes,Micro Irrigation Fund (MIF),Fisheries & Aquaculture Loan,Horticulture Crop Insurance Scheme,6.8
RULE0273,Subsidy & Credit Pathway for FPO Member Farmer in Telangana (Rule Variant 4),Pulses,Telangana,Laterite Soil,FPO Member Farmer,0.09,10.43,200000,Yes,National Mission on Natural Farming (NMNF),Solar Pump / Renewable Energy Agri Loan,Livestock Insurance Scheme,7.0
RULE0274,Small Holding Advisory Rule for Tenant Farmer Growing Chickpea (Gram),Chickpea (Gram),Maharashtra,Clay Soil,Tenant Farmer,0.96,2.79,100000,Yes,Pradhan Mantri Kisan Samman Nidhi (PM-KISAN),Farm Mechanization / Tractor Loan,Restructured Weather Based Crop Insurance Scheme (RWBCIS),7.4
RULE0275,Insurance Recommendation for Soybean under Loamy Soil Conditions,Soybean,Karnataka,Loamy Soil,Tenant Farmer,0.93,3.4,300000,Yes,National Mission on Natural Farming (NMNF),Crop Loan (Seasonal Agricultural Operations),Livestock Insurance Scheme,9.7
RULE0276,Government Scheme Trigger for Oilseeds Cultivation in All India,Oilseeds,All India,Clay Soil,Tenant Farmer,0.52,2.79,200000,Yes,Rashtriya Krishi Vikas Yojana (RKVY),Agri Infrastructure & Cold Storage Loan,Restructured Weather Based Crop Insurance Scheme (RWBCIS),8.3
RULE0277,Small Holding Advisory Rule for Women Farmer Growing Wheat,Wheat,All India,Saline / Alkaline Soil,Women Farmer,0.92,3.58,,Yes,Paramparagat Krishi Vikas Yojana (PKVY),Kisan Credit Card (KCC),Private Comprehensive Crop Insurance Plan,5.5
RULE0278,Priority Scheme Match for Cotton Growers on Sandy Soil in Telangana,Cotton,Telangana,Sandy Soil,Sharecropper,0.54,2.8,100000,Yes,Sub-Mission on Agricultural Mechanization (SMAM),Farmer Producer Organisation (FPO) Term Loan,Restructured Weather Based Crop Insurance Scheme (RWBCIS),7.0
RULE0279,Risk Cover Advisory for Marginal Farmer on Red Soil (Rule Variant 2),Maize,Telangana,Red Soil,Marginal Farmer,0.17,1.28,250000,Yes,Micro Irrigation Fund (MIF),Agri Infrastructure & Cold Storage Loan,Horticulture Crop Insurance Scheme,6.7
RULE0280,Risk Cover Advisory for Tenant Farmer on Alluvial Soil,Oilseeds,Maharashtra,Alluvial Soil,Tenant Farmer,0.87,3.13,300000,Yes,Pradhan Mantri Kisan Samman Nidhi (PM-KISAN),Fisheries & Aquaculture Loan,Private Comprehensive Crop Insurance Plan,8.8
RULE0281,Insurance Recommendation for Oilseeds under Saline / Alkaline Soil Conditions (Rule Variant 2),Oilseeds,All India,Saline / Alkaline Soil,Marginal Farmer,0.36,1.8,150000,Yes,"Formation and Promotion of 10,000 FPOs Scheme",Crop Loan (Seasonal Agricultural Operations),Private Comprehensive Crop Insurance Plan,8.5
RULE0282,Irrigation-Linked Scheme Match for Mango on Laterite Soil,Mango,Andhra Pradesh,Laterite Soil,Medium Farmer,2.23,5.18,250000,Yes,Pradhan Mantri Fasal Bima Yojana (PMFBY),Horticulture & Plantation Loan,Private Comprehensive Crop Insurance Plan,7.4
RULE0283,Priority Scheme Match for Mango Growers on Saline / Alkaline Soil in All India,Mango,All India,Saline / Alkaline Soil,Sharecropper,0.76,2.58,100000,Yes,Telangana Millet Mission,Fisheries & Aquaculture Loan,Pradhan Mantri Fasal Bima Yojana (PMFBY) - Yield-Based Cover,8.5
RULE0284,Irrigation-Linked Scheme Match for Soybean on Clay Soil (Rule Variant 2),Soybean,Karnataka,Clay Soil,Large Farmer,5.22,10.23,100000,Yes,Telangana Micro Irrigation Project Subsidy,Micro Irrigation / Drip & Sprinkler Loan,Livestock Insurance Scheme,7.3
RULE0285,Small Holding Advisory Rule for Large Farmer Growing Grapes,Grapes,Maharashtra,Black Soil (Regur),Large Farmer,5.42,10.82,250000,Yes,Telangana Horticulture Mission,Horticulture & Plantation Loan,Restructured Weather Based Crop Insurance Scheme (RWBCIS),6.1
RULE0286,Risk Cover Advisory for Marginal Farmer on Red Soil (Rule Variant 3),Millets (Jowar/Bajra),Andhra Pradesh,Red Soil,Marginal Farmer,0.38,1.06,500000,Yes,Telangana Horticulture Mission,Fisheries & Aquaculture Loan,Pradhan Mantri Fasal Bima Yojana (PMFBY) - Yield-Based Cover,5.1
RULE0287,Irrigation-Linked Scheme Match for Groundnut on Saline / Alkaline Soil,Groundnut,Andhra Pradesh,Saline / Alkaline Soil,Women Farmer,0.98,3.27,500000,No,Mission Kakatiya (Tank Restoration for Irrigation),Farm Mechanization / Tractor Loan,Horticulture Crop Insurance Scheme,5.3
RULE0288,Insurance Recommendation for Chilli under Alluvial Soil Conditions,Chilli,Telangana,Alluvial Soil,Sharecropper,0.76,2.42,200000,Yes,Micro Irrigation Fund (MIF),Farm Mechanization / Tractor Loan,Private Comprehensive Crop Insurance Plan,5.0
RULE0289,Government Scheme Trigger for Cotton Cultivation in All India,Cotton,All India,Alluvial Soil,Women Farmer,0.6,3.46,200000,Yes,National Livestock Mission,Agri Infrastructure & Cold Storage Loan,Restructured Weather Based Crop Insurance Scheme (RWBCIS),7.6
RULE0290,Loan Eligibility Check for FPO Member Farmer Cultivating Chilli,Chilli,Telangana,Clay Soil,FPO Member Farmer,0.03,10.45,500000,Yes,Micro Irrigation Fund (MIF),Agri Infrastructure & Cold Storage Loan,Restructured Weather Based Crop Insurance Scheme (RWBCIS),8.1
RULE0291,Insurance Recommendation for Wheat under Loamy Soil Conditions,Wheat,All India,Loamy Soil,Sharecropper,0.6,2.26,100000,Yes,PM Kusum Scheme (Solar Pump & Grid Connected Plants),Kisan Credit Card (KCC),Private Comprehensive Crop Insurance Plan,10.0
RULE0292,Irrigation-Linked Scheme Match for Millets (Jowar/Bajra) on Alluvial Soil,Millets (Jowar/Bajra),Andhra Pradesh,Alluvial Soil,Tenant Farmer,0.9,3.35,150000,No,National Food Security Mission (NFSM),Horticulture & Plantation Loan,Pradhan Mantri Fasal Bima Yojana (PMFBY) - Yield-Based Cover,8.9
RULE0293,Loan Eligibility Check for Tenant Farmer Cultivating Soybean,Soybean,All India,Black Soil (Regur),Tenant Farmer,0.96,2.61,,Yes,National Mission on Natural Farming (NMNF),Dairy & Livestock Development Loan,Pradhan Mantri Fasal Bima Yojana (PMFBY) - Yield-Based Cover,5.3
RULE0294,Risk Cover Advisory for Sharecropper on Laterite Soil (Rule Variant 2),Red Gram (Tur Dal),Telangana,Laterite Soil,Sharecropper,0.6,2.5,200000,Yes,Rashtriya Krishi Vikas Yojana (RKVY),Kisan Credit Card (KCC),Restructured Weather Based Crop Insurance Scheme (RWBCIS),9.7
RULE0295,Risk Cover Advisory for Women Farmer on Red Soil,Maize,Andhra Pradesh,Red Soil,Women Farmer,0.66,3.54,500000,Yes,National Livestock Mission,Dairy & Livestock Development Loan,Horticulture Crop Insurance Scheme,7.1
RULE0296,Irrigation-Linked Scheme Match for All Crops on Laterite Soil,All Crops,Telangana,Laterite Soil,Marginal Farmer,0.45,1.66,300000,No,Soil Health Card Scheme,Farm Mechanization / Tractor Loan,Pradhan Mantri Fasal Bima Yojana (PMFBY) - Yield-Based Cover,6.9
RULE0297,Risk Cover Advisory for Women Farmer on Laterite Soil (Rule Variant 3),Chickpea (Gram),Andhra Pradesh,Laterite Soil,Women Farmer,0.78,3.0,,Yes,Mission Kakatiya (Tank Restoration for Irrigation),Warehouse Receipt / Post-Harvest Loan,Restructured Weather Based Crop Insurance Scheme (RWBCIS),8.8
RULE0298,Subsidy & Credit Pathway for Medium Farmer in Andhra Pradesh (Rule Variant 2),Millets (Jowar/Bajra),Andhra Pradesh,Loamy Soil,Medium Farmer,2.03,5.01,200000,Yes,Telangana Farm Mechanization Scheme,Fisheries & Aquaculture Loan,Livestock Insurance Scheme,5.6
RULE0299,Loan Eligibility Check for Large Farmer Cultivating Mango (Rule Variant 2),Mango,Karnataka,Laterite Soil,Large Farmer,5.3,10.81,,No,Rashtriya Krishi Vikas Yojana (RKVY),Warehouse Receipt / Post-Harvest Loan,Horticulture Crop Insurance Scheme,6.3
RULE0300,Insurance Recommendation for All Crops under Saline / Alkaline Soil Conditions,All Crops,Telangana,Saline / Alkaline Soil,Small Farmer,1.08,2.06,150000,No,Pradhan Mantri Matsya Sampada Yojana (PMMSY),Agri Infrastructure & Cold Storage Loan,Horticulture Crop Insurance Scheme,5.4
